Submission id,Participant id,Status,Custom study tncs accepted at,Started at,Completed at,Reviewed at,Archived at,Time taken,Completion code,Total approvals,Gender,Fluent languages,Age,Sex,Ethnicity simplified,Country of birth,Country of residence,Nationality,Language,Student status,Employment status
6a675fb66620ddd1f7670019,6a22a9392a9d3d1a063fbb00,APPROVED,Not Applicable,2026-07-27T13:40:08.742000Z,2026-07-27T13:59:39.764000Z,2026-07-28T10:44:50.589000Z,2026-07-27T13:59:40.140961Z,1172.0,CYJX2BAX,113,Rather not say,English,37,Female,Asian,Pakistan,United Kingdom,Pakistan,Urdu,Yes,Unemployed (and job seeking)
6a675fb6bf17a1bce3086409,6a00c2d21d039d6d315fb589,APPROVED,Not Applicable,2026-07-27T13:41:13.755000Z,2026-07-27T13:48:39.513000Z,2026-07-28T10:44:50.916000Z,2026-07-27T13:48:39.871473Z,446.0,CYJX2BAX,436,Man (including Trans Male/Trans Man),English,36,Male,White,United Kingdom,United Kingdom,United Kingdom,English,No,Full-Time
6a675fbb9292cea3f04d4f07,5e3891a0ffe78b000a8a4124,APPROVED,Not Applicable,2026-07-27T13:40:14.036000Z,2026-07-27T14:16:27.139000Z,2026-07-28T10:44:51.211000Z,2026-07-27T14:16:27.520205Z,2174.0,CYJX2BAX,5947,Man (including Trans Male/Trans Man),English,58,Male,White,United Kingdom,United Kingdom,United Kingdom,English,Yes,Full-Time
6a675fbc70147da951171f46,59ae8d282a78fd00010b80e7,APPROVED,Not Applicable,2026-07-27T13:40:14.020000Z,2026-07-27T13:55:15.836000Z,2026-07-28T10:44:52.264000Z,2026-07-27T13:55:16.188839Z,902.0,CYJX2BAX,3506,Man (including Trans Male/Trans Man),"English, Hindi",42,Male,Asian,India,United Kingdom,India,Hindi,No,Unemployed (and job seeking)
6a675fbdd1c44617d09bc2cd,59a6aa43b2130b000179d303,APPROVED,Not Applicable,2026-07-27T13:40:15.978000Z,2026-07-27T13:52:15.415000Z,2026-07-28T10:44:52.584000Z,2026-07-27T13:52:15.855349Z,720.0,CYJX2BAX,1389,Non-binary (would like to give more detail),English,48,Female,White,United Kingdom,United Kingdom,United Kingdom,English,No,Unemployed (and job seeking)
6a675fc43cc6c4ca19c8a0b8,6a211840444dae0827e0c0f7,APPROVED,Not Applicable,2026-07-27T13:40:25.104000Z,2026-07-27T13:53:27.847000Z,2026-07-28T10:44:52.881000Z,2026-07-27T13:53:28.299687Z,783.0,CYJX2BAX,330,Man (including Trans Male/Trans Man),English,47,Male,White,Romania,United Kingdom,Romania,Romanian,No,Part-Time
6a675fc51c7c658e0edbf47e,66e42249ff3f1be588b9bf04,APPROVED,Not Applicable,2026-07-27T13:40:30.734000Z,2026-07-27T13:55:44.419000Z,2026-07-28T10:44:53.184000Z,2026-07-27T13:55:44.787514Z,914.0,CYJX2BAX,6272,Man (including Trans Male/Trans Man),English,64,Male,White,United Kingdom,United Kingdom,United Kingdom,English,No,Full-Time
6a675fc6a06995479fc2b1fd,69e940579010b94b65b2203c,APPROVED,Not Applicable,2026-07-27T13:42:04.831000Z,2026-07-27T14:03:50.227000Z,2026-07-28T10:44:53.478000Z,2026-07-27T14:03:50.607871Z,1306.0,CYJX2BAX,53,Man (including Trans Male/Trans Man),English,46,Male,White,United Kingdom,United Kingdom,United Kingdom,English,No,Full-Time
6a675fc6d06875d4a8d9f8e5,69f8bc07d52873c9339d15ef,APPROVED,Not Applicable,2026-07-27T13:40:29.477000Z,2026-07-27T13:55:46.373000Z,2026-07-28T10:44:53.778000Z,2026-07-27T13:55:46.757232Z,917.0,CYJX2BAX,529,Man (including Trans Male/Trans Man),English,49,Male,White,United Kingdom,United Kingdom,United Kingdom,English,No,Full-Time
6a675fc710a6c76570ec807a,6a26063caa01a9aa4baf76fe,APPROVED,Not Applicable,2026-07-27T13:40:49.845000Z,2026-07-27T14:00:10.621000Z,2026-07-28T10:44:54.095000Z,2026-07-27T14:00:11.005751Z,1161.0,CYJX2BAX,326,Man (including Trans Male/Trans Man),English,48,Male,Black,United Kingdom,United Kingdom,United Kingdom,English,Yes,Part-Time
6a675fc76d09654c711d54fa,6a0c80f3259081104ca0cfd8,APPROVED,Not Applicable,2026-07-27T13:40:31.139000Z,2026-07-27T14:00:12.039000Z,2026-07-28T10:44:54.378000Z,2026-07-27T14:00:12.422371Z,1181.0,CYJX2BAX,382,Man (including Trans Male/Trans Man),English,41,Male,Black,United Kingdom,United Kingdom,United Kingdom,English,No,Unemployed (and job seeking)
6a675fc9e0041534049e28fe,6a11a434b06823950a4448a5,APPROVED,Not Applicable,2026-07-27T13:40:32.370000Z,2026-07-27T14:01:37.706000Z,2026-07-28T10:44:54.678000Z,2026-07-27T14:01:38.763801Z,1266.0,CYJX2BAX,690,Man (including Trans Male/Trans Man),English,25,Male,Black,United Kingdom,United Kingdom,United Kingdom,English,No,Full-Time
6a675fca1094cfb978ae2b49,5a993b151eda410001365a23,APPROVED,Not Applicable,2026-07-27T13:41:32.373000Z,2026-07-27T14:01:04.629000Z,2026-07-28T10:44:54.976000Z,2026-07-27T14:01:05.072984Z,1173.0,CYJX2BAX,4430,Man (including Trans Male/Trans Man),English,37,Male,White,United Kingdom,United Kingdom,United Kingdom,English,No,Part-Time
6a675fca2cbcadbe44c48c26,69f0bd80162888b7965b7eec,APPROVED,Not Applicable,2026-07-27T13:40:29.071000Z,2026-07-27T13:50:49.747000Z,2026-07-28T10:44:55.546000Z,2026-07-27T13:50:50.096626Z,621.0,CYJX2BAX,612,Man (including Trans Male/Trans Man),English,36,Male,White,United Kingdom,United Kingdom,United Kingdom,English,No,Full-Time
6a675fcd03bc1767889fdb79,6a156dd3fcee99466c091d56,APPROVED,Not Applicable,2026-07-27T13:40:39.984000Z,2026-07-27T13:49:50.095000Z,2026-07-28T10:44:55.863000Z,2026-07-27T13:49:50.442073Z,551.0,CYJX2BAX,420,Man (including Trans Male/Trans Man),English,21,Male,White,United Kingdom,United Kingdom,United Kingdom,English,Yes,Part-Time
6a675fce884ab275db10267e,5bf8367e99837f0001cf1078,APPROVED,Not Applicable,2026-07-27T13:41:36.959000Z,2026-07-27T14:03:28.841000Z,2026-07-28T10:44:56.167000Z,2026-07-27T14:03:29.207385Z,1312.0,CYJX2BAX,693,Man (including Trans Male/Trans Man),English,60,Male,White,United Kingdom,United Kingdom,United Kingdom,English,DATA_EXPIRED,DATA_EXPIRED
6a675fd79b38dc65811375c8,6a14537a6dd95ac984cf6888,APPROVED,Not Applicable,2026-07-27T13:40:42.462000Z,2026-07-27T13:57:49.714000Z,2026-07-28T10:44:56.481000Z,2026-07-27T13:57:50.092819Z,1028.0,CYJX2BAX,397,Man (including Trans Male/Trans Man),"English, Lithuanian",32,Male,White,Lithuania,United Kingdom,Lithuania,Lithuanian,No,Other
6a675fd95dd6ee18564b3176,672541915a9a5ac8b878a28e,APPROVED,Not Applicable,2026-07-27T13:41:23.289000Z,2026-07-27T13:56:04.392000Z,2026-07-28T10:44:56.776000Z,2026-07-27T13:56:04.750900Z,882.0,CYJX2BAX,5390,Man (including Trans Male/Trans Man),English,22,Male,Black,Nigeria,United Kingdom,Nigeria,English,DATA_EXPIRED,Part-Time
6a675fdc525a8aba72617bd9,6682aacb34af2ad8b3b08de1,APPROVED,Not Applicable,2026-07-27T13:40:47.594000Z,2026-07-27T14:00:58.210000Z,2026-07-28T10:44:57.072000Z,2026-07-27T14:00:58.601932Z,1211.0,CYJX2BAX,1864,Man (including Trans Male/Trans Man),English,37,Male,White,United Kingdom,United Kingdom,United Kingdom,English,No,Full-Time
6a675fddc26bcf8022f6c492,6a267d60d578aeccd1ef2272,APPROVED,Not Applicable,2026-07-27T13:40:52.270000Z,2026-07-27T13:53:10.696000Z,2026-07-28T10:44:57.388000Z,2026-07-27T13:53:11.056581Z,739.0,CYJX2BAX,41,Man (including Trans Male/Trans Man),English,23,Male,White,United Kingdom,United Kingdom,United Kingdom,English,No,Unemployed (and job seeking)
6a675fde03541c8c862a8035,6a1d76bb8b67e9f450e148b1,APPROVED,Not Applicable,2026-07-27T13:40:53.412000Z,2026-07-27T13:50:38.994000Z,2026-07-28T10:44:57.695000Z,2026-07-27T13:50:39.372885Z,586.0,CYJX2BAX,520,Man (including Trans Male/Trans Man),English,35,Male,White,United Kingdom,United Kingdom,United Kingdom,English,No,Full-Time
6a675fe1ef1156c8620cf318,5755c957eb80c4000741a9ce,APPROVED,Not Applicable,2026-07-27T13:42:40.488000Z,2026-07-27T13:56:07.286000Z,2026-07-28T10:44:57.997000Z,2026-07-27T13:56:07.634353Z,807.0,CYJX2BAX,10477,Man (including Trans Male/Trans Man),English,43,Male,White,United Kingdom,United Kingdom,United Kingdom,English,No,Full-Time
6a675fe2d32d2efbb0117aaf,57509aade19ee9000680df04,APPROVED,Not Applicable,2026-07-27T13:40:53.468000Z,2026-07-27T13:59:12.581000Z,2026-07-28T10:44:58.294000Z,2026-07-27T13:59:12.971982Z,1100.0,CYJX2BAX,4670,Man (including Trans Male/Trans Man),English,49,Male,White,United Kingdom,United Kingdom,United Kingdom,English,No,Full-Time
6a675fe373f629febfc9116c,65cbbbcc5c1ef8b850c91eb5,APPROVED,Not Applicable,2026-07-27T13:40:51.214000Z,2026-07-27T13:55:34.867000Z,2026-07-28T10:44:58.601000Z,2026-07-27T13:55:35.238536Z,884.0,CYJX2BAX,3772,Man (including Trans Male/Trans Man),English,68,Male,White,United Kingdom,United Kingdom,United Kingdom,English,No,Part-Time
6a675fe3cfbbc84c4f605cba,6a181dbaafc993917f2db744,APPROVED,Not Applicable,2026-07-27T13:40:54.791000Z,2026-07-27T13:54:15.095000Z,2026-07-28T10:44:58.913000Z,2026-07-27T13:54:15.490258Z,801.0,CYJX2BAX,494,Man (including Trans Male/Trans Man),English,37,Male,White,United Kingdom,United Kingdom,United Kingdom,English,No,Full-Time
6a675fe7cebfd242378ad984,6a04cb3402503b68cf6c8128,APPROVED,Not Applicable,2026-07-27T13:41:01.092000Z,2026-07-27T13:54:56.859000Z,2026-07-28T10:44:59.192000Z,2026-07-27T13:54:57.241635Z,836.0,CYJX2BAX,316,Man (including Trans Male/Trans Man),English,26,Male,White,Australia,United Kingdom,Australia,English,No,Full-Time
6a675fe8424d0d10f53aecce,63d3ff7455fe68b811ef6b57,APPROVED,Not Applicable,2026-07-27T13:40:56.400000Z,2026-07-27T13:50:43.363000Z,2026-07-28T10:44:59.490000Z,2026-07-27T13:50:43.732858Z,587.0,CYJX2BAX,4735,Man (including Trans Male/Trans Man),English,21,Male,White,United Kingdom,United Kingdom,United Kingdom,English,Yes,Part-Time
6a675fecccb3b335022a803a,6a1002dabe7f5c918f052d3e,APPROVED,Not Applicable,2026-07-27T13:41:04.312000Z,2026-07-27T13:55:37.582000Z,2026-07-28T10:44:59.776000Z,2026-07-27T13:55:37.967142Z,874.0,CYJX2BAX,693,Man (including Trans Male/Trans Man),English,31,Male,Black,United Kingdom,United Kingdom,United Kingdom,English,No,Part-Time
6a675feed2db0a3d7e8c9965,6a0c4895cd389983452cf249,APPROVED,Not Applicable,2026-07-27T13:41:30.710000Z,2026-07-27T14:00:31.812000Z,2026-07-28T10:45:00.082000Z,2026-07-27T14:00:32.191525Z,1142.0,CYJX2BAX,26,Rather not say,English,32,Female,Prefer not to say,United Kingdom,United Kingdom,United Kingdom,English,No,Full-Time
6a675fef6619570a83df99a7,69ea53a90c6cacb935a68043,APPROVED,Not Applicable,2026-07-27T13:41:07.707000Z,2026-07-27T14:00:39.264000Z,2026-07-28T10:45:00.399000Z,2026-07-27T14:00:39.643950Z,1172.0,CYJX2BAX,1779,Man (including Trans Male/Trans Man),English,36,Male,Black,United Kingdom,United Kingdom,United Kingdom,English,No,Full-Time
6a675ff0054b844dc8abe34b,6a084928742bea092a160489,APPROVED,Not Applicable,2026-07-27T13:43:30.682000Z,2026-07-27T14:01:19.507000Z,2026-07-28T10:45:00.699000Z,2026-07-27T14:01:19.891307Z,1069.0,CYJX2BAX,583,Man (including Trans Male/Trans Man),English,33,Male,White,United Kingdom,United Kingdom,United Kingdom,English,No,Other
6a675ff0ab759dd9b782cff1,5eeddefa177a7322144cbc5e,APPROVED,Not Applicable,2026-07-27T13:41:09.550000Z,2026-07-27T13:55:30.747000Z,2026-07-28T10:45:00.977000Z,2026-07-27T13:55:31.106260Z,862.0,CYJX2BAX,5728,Man (including Trans Male/Trans Man),English,52,Male,Black,United Kingdom,United Kingdom,United Kingdom,English,No,Full-Time
6a675ff0e4f25cb2c1b8c4e0,6a33b228f4dd3410fb68e733,APPROVED,Not Applicable,2026-07-27T13:41:12.600000Z,2026-07-27T13:52:20.389000Z,2026-07-28T10:45:01.267000Z,2026-07-27T13:52:20.791401Z,668.0,CYJX2BAX,298,Man (including Trans Male/Trans Man),"Bulgarian, English",48,Male,White,Bulgaria,United Kingdom,United Kingdom,Bulgarian,No,Full-Time
6a675ff10e09948cc8204595,6a0975103186b7ce5d5a1aa9,APPROVED,Not Applicable,2026-07-27T13:47:16.954000Z,2026-07-27T14:07:27.161000Z,2026-07-28T10:45:01.570000Z,2026-07-27T14:07:27.527266Z,1211.0,CYJX2BAX,331,Man (including Trans Male/Trans Man),English,26,Male,White,United Kingdom,United Kingdom,United Kingdom,English,Yes,Other
6a675ff141d18d7e2fb564d0,5dcfaad2dd9a740c2493fc28,APPROVED,Not Applicable,2026-07-27T13:41:08.048000Z,2026-07-27T14:06:17.984000Z,2026-07-28T10:45:01.858000Z,2026-07-27T14:06:18.363141Z,1510.0,CYJX2BAX,11555,Man (including Trans Male/Trans Man),"English, Dutch, French, German, Italian, Chinese",37,Male,White,United Kingdom,United Kingdom,United Kingdom,English,No,Full-Time
6a675ff1d9ce54f61103f974,606605d4808361864cfe3db6,APPROVED,Not Applicable,2026-07-27T13:47:06.484000Z,2026-07-27T14:00:17.879000Z,2026-07-28T10:45:02.128000Z,2026-07-27T14:00:18.255784Z,792.0,CYJX2BAX,1315,Man (including Trans Male/Trans Man),English,40,Male,White,United Kingdom,United Kingdom,United Kingdom,English,DATA_EXPIRED,DATA_EXPIRED
6a675ff5ad4745127c7f69d0,6266b0409582f553a3e10d9a,APPROVED,Not Applicable,2026-07-27T13:41:12.614000Z,2026-07-27T13:54:31.740000Z,2026-07-28T10:45:02.417000Z,2026-07-27T13:54:32.163413Z,800.0,CYJX2BAX,5402,Man (including Trans Male/Trans Man),English,57,Male,White,Zimbabwe,United Kingdom,United Kingdom,English,No,Full-Time
6a675ff5add4af2f731774d9,66d31a1b0515fe747830bab9,APPROVED,Not Applicable,2026-07-27T13:41:16.047000Z,2026-07-27T13:56:07.192000Z,2026-07-28T10:45:02.718000Z,2026-07-27T13:56:07.577363Z,892.0,CYJX2BAX,8012,Man (including Trans Male/Trans Man),English,61,Male,White,United Kingdom,United Kingdom,United Kingdom,English,No,Full-Time
6a675ff92bc7a430a43e8815,69f378f38de4398a754a1733,APPROVED,Not Applicable,2026-07-27T13:41:36.545000Z,2026-07-27T13:57:53.658000Z,2026-07-28T10:45:03.035000Z,2026-07-27T13:57:54.032239Z,978.0,CYJX2BAX,452,Man (including Trans Male/Trans Man),English,57,Male,White,Germany,United Kingdom,Germany,German,No,Full-Time
6a675ffa82dd7359b12bce4f,69ff644a20a296f2eb3cb8a8,APPROVED,Not Applicable,2026-07-27T13:41:18.164000Z,2026-07-27T13:51:06.754000Z,2026-07-28T10:45:03.331000Z,2026-07-27T13:51:07.106729Z,589.0,CYJX2BAX,661,Man (including Trans Male/Trans Man),English,43,Male,White,United Kingdom,United Kingdom,United Kingdom,English,No,Full-Time
6a675ffc1e321f844363e884,660a6b953836d16312814993,APPROVED,Not Applicable,2026-07-27T13:41:20.349000Z,2026-07-27T13:51:40.798000Z,2026-07-28T10:45:03.639000Z,2026-07-27T13:51:41.201000Z,621.0,CYJX2BAX,5796,Man (including Trans Male/Trans Man),"Scots, English",33,Male,White,United Kingdom,United Kingdom,United Kingdom,English,No,Full-Time
6a675ffe389bec6c8723e5d0,66635ce30892c73e41fee639,APPROVED,Not Applicable,2026-07-27T13:41:23.200000Z,2026-07-27T14:05:37.017000Z,2026-07-28T10:45:03.959000Z,2026-07-27T14:05:37.430998Z,1454.0,CYJX2BAX,4163,Man (including Trans Male/Trans Man),English,38,Male,Mixed,United Kingdom,United Kingdom,United Kingdom,English,No,Full-Time
6a6760029a2f3a4f4c11ce91,60e0dc6be0772b7dfdad9b2c,APPROVED,Not Applicable,2026-07-27T13:41:32.498000Z,2026-07-27T13:57:15.638000Z,2026-07-28T10:45:04.269000Z,2026-07-28T02:31:55.545038Z,944.0,CYJX2BAX,6226,Man (including Trans Male/Trans Man),English,30,Male,White,United Kingdom,United Kingdom,United Kingdom,English,No,Part-Time
6a676005306f61ba046b6e53,6a221582ea51aa3a697a3886,APPROVED,Not Applicable,2026-07-27T13:41:27.453000Z,2026-07-27T13:56:16.329000Z,2026-07-28T10:45:04.555000Z,2026-07-27T13:56:16.721544Z,889.0,CYJX2BAX,258,Man (including Trans Male/Trans Man),"Portuguese, English",31,Male,Mixed,United Kingdom,United Kingdom,United Kingdom,English,Yes,Unemployed (and job seeking)
6a67609d9cd081671e618c76,6a019388b664eaeb436db6f5,APPROVED,Not Applicable,2026-07-27T13:44:23.210000Z,2026-07-27T14:01:20.288000Z,2026-07-28T10:45:04.876000Z,2026-07-27T14:01:20.649770Z,1018.0,CYJX2BAX,430,Man (including Trans Male/Trans Man),English,49,Male,White,United Kingdom,United Kingdom,United Kingdom,English,No,Full-Time
6a6760b69a2f3a4f4c11cea6,6a2458a9b1d158d0c9952ea7,APPROVED,Not Applicable,2026-07-27T13:51:49.298000Z,2026-07-27T14:09:22.870000Z,2026-07-28T10:45:05.165000Z,2026-07-27T14:09:23.308970Z,1054.0,CYJX2BAX,226,Man (including Trans Male/Trans Man),English,41,Male,White,United Kingdom,United Kingdom,United Kingdom,English,No,Full-Time
6a6760bffdb471efa9b100c9,6a055bd0cc3e5dfe595a28d5,APPROVED,Not Applicable,2026-07-27T13:44:36.964000Z,2026-07-27T14:04:36.650000Z,2026-07-28T10:45:05.471000Z,2026-07-27T14:04:37.015857Z,1200.0,CYJX2BAX,505,Man (including Trans Male/Trans Man),"English, Greek",49,Male,White,Greece,United Kingdom,Greece,Greek,No,Full-Time
6a6760eef7ca2d690a9b4ecf,6a1955759c8cdb424d42bf74,APPROVED,Not Applicable,2026-07-27T13:46:04.732000Z,2026-07-27T13:58:40.714000Z,2026-07-28T10:45:05.765000Z,2026-07-27T13:58:41.073819Z,756.0,CYJX2BAX,278,Man (including Trans Male/Trans Man),English,66,Male,White,United Kingdom,United Kingdom,United Kingdom,English,No,Unemployed (and job seeking)
6a6761009fc9421c7e8fd819,6a0e1cfa7c6e09a5e513b604,APPROVED,Not Applicable,2026-07-27T13:45:40.495000Z,2026-07-27T13:54:32.132000Z,2026-07-28T10:45:06.080000Z,2026-07-27T13:54:32.526858Z,532.0,CYJX2BAX,90,Man (including Trans Male/Trans Man),English,39,Male,White,United Kingdom,United Kingdom,United Kingdom,English,No,Full-Time
6a676804b0bfb86a5fedac06,69f98dd1e04cda4c659a9e41,APPROVED,Not Applicable,2026-07-27T14:15:40.298000Z,2026-07-27T14:25:54.600000Z,2026-07-28T10:45:06.393000Z,2026-07-27T14:25:55.340010Z,615.0,CYJX2BAX,558,Man (including Trans Male/Trans Man),English,52,Male,White,United Kingdom,United Kingdom,United Kingdom,English,No,Unemployed (and job seeking)
6a675fb6db99d1099e81ffd0,69f4b1499e10481b90e1b69d,RETURNED,Not Applicable,2026-07-27T13:40:14.521000Z,,,,,,809,CONSENT_REVOKED,CONSENT_REVOKED,CONSENT_REVOKED,CONSENT_REVOKED,CONSENT_REVOKED,CONSENT_REVOKED,CONSENT_REVOKED,CONSENT_REVOKED,CONSENT_REVOKED,CONSENT_REVOKED,CONSENT_REVOKED
6a675fc679741b27bb8fd83c,6a1d6b8670203441c8e0ca4c,RETURNED,Not Applicable,2026-07-27T13:42:02.662000Z,,,,,,258,CONSENT_REVOKED,CONSENT_REVOKED,CONSENT_REVOKED,CONSENT_REVOKED,CONSENT_REVOKED,CONSENT_REVOKED,CONSENT_REVOKED,CONSENT_REVOKED,CONSENT_REVOKED,CONSENT_REVOKED,CONSENT_REVOKED
6a675fc974d2fb1edc02122a,69f4fae50f69ae9b736eec13,RETURNED,Not Applicable,,,,,,,291,CONSENT_REVOKED,CONSENT_REVOKED,CONSENT_REVOKED,CONSENT_REVOKED,CONSENT_REVOKED,CONSENT_REVOKED,CONSENT_REVOKED,CONSENT_REVOKED,CONSENT_REVOKED,CONSENT_REVOKED,CONSENT_REVOKED
6a675fcc190de5d2bf29033b,5eca46c6c1e2c601290bab15,RETURNED,Not Applicable,2026-07-27T13:40:33.312000Z,,,,,,4226,CONSENT_REVOKED,CONSENT_REVOKED,CONSENT_REVOKED,CONSENT_REVOKED,CONSENT_REVOKED,CONSENT_REVOKED,CONSENT_REVOKED,CONSENT_REVOKED,CONSENT_REVOKED,CONSENT_REVOKED,CONSENT_REVOKED
6a675fdf057069a256b3be7e,6a26993596a2406c8d12c65a,RETURNED,Not Applicable,2026-07-27T13:40:51.174000Z,,,,,,285,CONSENT_REVOKED,CONSENT_REVOKED,CONSENT_REVOKED,CONSENT_REVOKED,CONSENT_REVOKED,CONSENT_REVOKED,CONSENT_REVOKED,CONSENT_REVOKED,CONSENT_REVOKED,CONSENT_REVOKED,CONSENT_REVOKED
6a675fe61517f35cbf416fd8,5de20dc9db46652509d085b8,RETURNED,Not Applicable,2026-07-27T13:41:04.159000Z,,,,,,2021,CONSENT_REVOKED,CONSENT_REVOKED,CONSENT_REVOKED,CONSENT_REVOKED,CONSENT_REVOKED,CONSENT_REVOKED,CONSENT_REVOKED,CONSENT_REVOKED,CONSENT_REVOKED,CONSENT_REVOKED,CONSENT_REVOKED
6a675ff76ca6a2b1329bd76e,681d11acf32ffbb177100579,RETURNED,Not Applicable,2026-07-27T13:41:11.418000Z,,,,,,2588,CONSENT_REVOKED,CONSENT_REVOKED,CONSENT_REVOKED,CONSENT_REVOKED,CONSENT_REVOKED,CONSENT_REVOKED,CONSENT_REVOKED,CONSENT_REVOKED,CONSENT_REVOKED,CONSENT_REVOKED,CONSENT_REVOKED
6a676009ca8b263e5a544bf4,660bbe4bf8740c1f5ee1be83,RETURNED,Not Applicable,2026-07-27T13:41:31.357000Z,,,,,,1022,CONSENT_REVOKED,CONSENT_REVOKED,CONSENT_REVOKED,CONSENT_REVOKED,CONSENT_REVOKED,CONSENT_REVOKED,CONSENT_REVOKED,CONSENT_REVOKED,CONSENT_REVOKED,CONSENT_REVOKED,CONSENT_REVOKED
6a67601f074ed8b893ef6d0f,6a23e8027fa676cde0055220,RETURNED,Not Applicable,2026-07-27T13:41:54.664000Z,,,,,,236,CONSENT_REVOKED,CONSENT_REVOKED,CONSENT_REVOKED,CONSENT_REVOKED,CONSENT_REVOKED,CONSENT_REVOKED,CONSENT_REVOKED,CONSENT_REVOKED,CONSENT_REVOKED,CONSENT_REVOKED,CONSENT_REVOKED
6a67607c8969e3cdfbe1906b,69ebc99203283c8f2b9a15bb,RETURNED,Not Applicable,,,,,,,300,CONSENT_REVOKED,CONSENT_REVOKED,CONSENT_REVOKED,CONSENT_REVOKED,CONSENT_REVOKED,CONSENT_REVOKED,CONSENT_REVOKED,CONSENT_REVOKED,CONSENT_REVOKED,CONSENT_REVOKED,CONSENT_REVOKED
6a67669494a72ddac601133d,63d79fcd741f9cfb2f87152f,RETURNED,Not Applicable,2026-07-27T14:14:54.713000Z,,,,,,6748,CONSENT_REVOKED,CONSENT_REVOKED,CONSENT_REVOKED,CONSENT_REVOKED,CONSENT_REVOKED,CONSENT_REVOKED,CONSENT_REVOKED,CONSENT_REVOKED,CONSENT_REVOKED,CONSENT_REVOKED,CONSENT_REVOKED
