Submission id,Participant id,Status,Custom study tncs accepted at,Started at,Completed at,Reviewed at,Archived at,Time taken,Completion code,Total approvals,Gender,Fluent languages,Age,Sex,Ethnicity simplified,Country of birth,Country of residence,Nationality,Language,Student status,Employment status
6a675fb66620ddd1f7670019,6a22a9392a9d3d1a063fbb00,APPROVED,Not Applicable,2026-07-27T13:40:08.742000Z,2026-07-27T13:59:39.764000Z,2026-07-28T10:44:50.589000Z,2026-07-27T13:59:40.140961Z,1172.0,CYJX2BAX,113,Rather not say,English,37,Female,Asian,Pakistan,United Kingdom,Pakistan,Urdu,Yes,Unemployed (and job seeking)
6a675fb6bf17a1bce3086409,6a00c2d21d039d6d315fb589,APPROVED,Not Applicable,2026-07-27T13:41:13.755000Z,2026-07-27T13:48:39.513000Z,2026-07-28T10:44:50.916000Z,2026-07-27T13:48:39.871473Z,446.0,CYJX2BAX,436,Man (including Trans Male/Trans Man),English,36,Male,White,United Kingdom,United Kingdom,United Kingdom,English,No,Full-Time
6a675fbb9292cea3f04d4f07,5e3891a0ffe78b000a8a4124,APPROVED,Not Applicable,2026-07-27T13:40:14.036000Z,2026-07-27T14:16:27.139000Z,2026-07-28T10:44:51.211000Z,2026-07-27T14:16:27.520205Z,2174.0,CYJX2BAX,5947,Man (including Trans Male/Trans Man),English,58,Male,White,United Kingdom,United Kingdom,United Kingdom,English,Yes,Full-Time
6a675fbc70147da951171f46,59ae8d282a78fd00010b80e7,APPROVED,Not Applicable,2026-07-27T13:40:14.020000Z,2026-07-27T13:55:15.836000Z,2026-07-28T10:44:52.264000Z,2026-07-27T13:55:16.188839Z,902.0,CYJX2BAX,3506,Man (including Trans Male/Trans Man),"English, Hindi",42,Male,Asian,India,United Kingdom,India,Hindi,No,Unemployed (and job seeking)
6a675fbdd1c44617d09bc2cd,59a6aa43b2130b000179d303,APPROVED,Not Applicable,2026-07-27T13:40:15.978000Z,2026-07-27T13:52:15.415000Z,2026-07-28T10:44:52.584000Z,2026-07-27T13:52:15.855349Z,720.0,CYJX2BAX,1389,Non-binary (would like to give more detail),English,48,Female,White,United Kingdom,United Kingdom,United Kingdom,English,No,Unemployed (and job seeking)
6a675fc43cc6c4ca19c8a0b8,6a211840444dae0827e0c0f7,APPROVED,Not Applicable,2026-07-27T13:40:25.104000Z,2026-07-27T13:53:27.847000Z,2026-07-28T10:44:52.881000Z,2026-07-27T13:53:28.299687Z,783.0,CYJX2BAX,330,Man (including Trans Male/Trans Man),English,47,Male,White,Romania,United Kingdom,Romania,Romanian,No,Part-Time
6a675fc51c7c658e0edbf47e,66e42249ff3f1be588b9bf04,APPROVED,Not Applicable,2026-07-27T13:40:30.734000Z,2026-07-27T13:55:44.419000Z,2026-07-28T10:44:53.184000Z,2026-07-27T13:55:44.787514Z,914.0,CYJX2BAX,6272,Man (including Trans Male/Trans Man),English,64,Male,White,United Kingdom,United Kingdom,United Kingdom,English,No,Full-Time
6a675fc6a06995479fc2b1fd,69e940579010b94b65b2203c,APPROVED,Not Applicable,2026-07-27T13:42:04.831000Z,2026-07-27T14:03:50.227000Z,2026-07-28T10:44:53.478000Z,2026-07-27T14:03:50.607871Z,1306.0,CYJX2BAX,53,Man (including Trans Male/Trans Man),English,46,Male,White,United Kingdom,United Kingdom,United Kingdom,English,No,Full-Time
6a675fc6d06875d4a8d9f8e5,69f8bc07d52873c9339d15ef,APPROVED,Not Applicable,2026-07-27T13:40:29.477000Z,2026-07-27T13:55:46.373000Z,2026-07-28T10:44:53.778000Z,2026-07-27T13:55:46.757232Z,917.0,CYJX2BAX,529,Man (including Trans Male/Trans Man),English,49,Male,White,United Kingdom,United Kingdom,United Kingdom,English,No,Full-Time
6a675fc710a6c76570ec807a,6a26063caa01a9aa4baf76fe,APPROVED,Not Applicable,2026-07-27T13:40:49.845000Z,2026-07-27T14:00:10.621000Z,2026-07-28T10:44:54.095000Z,2026-07-27T14:00:11.005751Z,1161.0,CYJX2BAX,326,Man (including Trans Male/Trans Man),English,48,Male,Black,United Kingdom,United Kingdom,United Kingdom,English,Yes,Part-Time
6a675fc76d09654c711d54fa,6a0c80f3259081104ca0cfd8,APPROVED,Not Applicable,2026-07-27T13:40:31.139000Z,2026-07-27T14:00:12.039000Z,2026-07-28T10:44:54.378000Z,2026-07-27T14:00:12.422371Z,1181.0,CYJX2BAX,382,Man (including Trans Male/Trans Man),English,41,Male,Black,United Kingdom,United Kingdom,United Kingdom,English,No,Unemployed (and job seeking)
6a675fc9e0041534049e28fe,6a11a434b06823950a4448a5,APPROVED,Not Applicable,2026-07-27T13:40:32.370000Z,2026-07-27T14:01:37.706000Z,2026-07-28T10:44:54.678000Z,2026-07-27T14:01:38.763801Z,1266.0,CYJX2BAX,690,Man (including Trans Male/Trans Man),English,25,Male,Black,United Kingdom,United Kingdom,United Kingdom,English,No,Full-Time
6a675fca1094cfb978ae2b49,5a993b151eda410001365a23,APPROVED,Not Applicable,2026-07-27T13:41:32.373000Z,2026-07-27T14:01:04.629000Z,2026-07-28T10:44:54.976000Z,2026-07-27T14:01:05.072984Z,1173.0,CYJX2BAX,4430,Man (including Trans Male/Trans Man),English,37,Male,White,United Kingdom,United Kingdom,United Kingdom,English,No,Part-Time
6a675fca2cbcadbe44c48c26,69f0bd80162888b7965b7eec,APPROVED,Not Applicable,2026-07-27T13:40:29.071000Z,2026-07-27T13:50:49.747000Z,2026-07-28T10:44:55.546000Z,2026-07-27T13:50:50.096626Z,621.0,CYJX2BAX,612,Man (including Trans Male/Trans Man),English,36,Male,White,United Kingdom,United Kingdom,United Kingdom,English,No,Full-Time
6a675fcd03bc1767889fdb79,6a156dd3fcee99466c091d56,APPROVED,Not Applicable,2026-07-27T13:40:39.984000Z,2026-07-27T13:49:50.095000Z,2026-07-28T10:44:55.863000Z,2026-07-27T13:49:50.442073Z,551.0,CYJX2BAX,420,Man (including Trans Male/Trans Man),English,21,Male,White,United Kingdom,United Kingdom,United Kingdom,English,Yes,Part-Time
6a675fce884ab275db10267e,5bf8367e99837f0001cf1078,APPROVED,Not Applicable,2026-07-27T13:41:36.959000Z,2026-07-27T14:03:28.841000Z,2026-07-28T10:44:56.167000Z,2026-07-27T14:03:29.207385Z,1312.0,CYJX2BAX,693,Man (including Trans Male/Trans Man),English,60,Male,White,United Kingdom,United Kingdom,United Kingdom,English,DATA_EXPIRED,DATA_EXPIRED
6a675fd79b38dc65811375c8,6a14537a6dd95ac984cf6888,APPROVED,Not Applicable,2026-07-27T13:40:42.462000Z,2026-07-27T13:57:49.714000Z,2026-07-28T10:44:56.481000Z,2026-07-27T13:57:50.092819Z,1028.0,CYJX2BAX,397,Man (including Trans Male/Trans Man),"English, Lithuanian",32,Male,White,Lithuania,United Kingdom,Lithuania,Lithuanian,No,Other
6a675fd95dd6ee18564b3176,672541915a9a5ac8b878a28e,APPROVED,Not Applicable,2026-07-27T13:41:23.289000Z,2026-07-27T13:56:04.392000Z,2026-07-28T10:44:56.776000Z,2026-07-27T13:56:04.750900Z,882.0,CYJX2BAX,5390,Man (including Trans Male/Trans Man),English,22,Male,Black,Nigeria,United Kingdom,Nigeria,English,DATA_EXPIRED,Part-Time
6a675fdc525a8aba72617bd9,6682aacb34af2ad8b3b08de1,APPROVED,Not Applicable,2026-07-27T13:40:47.594000Z,2026-07-27T14:00:58.210000Z,2026-07-28T10:44:57.072000Z,2026-07-27T14:00:58.601932Z,1211.0,CYJX2BAX,1864,Man (including Trans Male/Trans Man),English,37,Male,White,United Kingdom,United Kingdom,United Kingdom,English,No,Full-Time
6a675fddc26bcf8022f6c492,6a267d60d578aeccd1ef2272,APPROVED,Not Applicable,2026-07-27T13:40:52.270000Z,2026-07-27T13:53:10.696000Z,2026-07-28T10:44:57.388000Z,2026-07-27T13:53:11.056581Z,739.0,CYJX2BAX,41,Man (including Trans Male/Trans Man),English,23,Male,White,United Kingdom,United Kingdom,United Kingdom,English,No,Unemployed (and job seeking)
6a675fde03541c8c862a8035,6a1d76bb8b67e9f450e148b1,APPROVED,Not Applicable,2026-07-27T13:40:53.412000Z,2026-07-27T13:50:38.994000Z,2026-07-28T10:44:57.695000Z,2026-07-27T13:50:39.372885Z,586.0,CYJX2BAX,520,Man (including Trans Male/Trans Man),English,35,Male,White,United Kingdom,United Kingdom,United Kingdom,English,No,Full-Time
6a675fe1ef1156c8620cf318,5755c957eb80c4000741a9ce,APPROVED,Not Applicable,2026-07-27T13:42:40.488000Z,2026-07-27T13:56:07.286000Z,2026-07-28T10:44:57.997000Z,2026-07-27T13:56:07.634353Z,807.0,CYJX2BAX,10477,Man (including Trans Male/Trans Man),English,43,Male,White,United Kingdom,United Kingdom,United Kingdom,English,No,Full-Time
6a675fe2d32d2efbb0117aaf,57509aade19ee9000680df04,APPROVED,Not Applicable,2026-07-27T13:40:53.468000Z,2026-07-27T13:59:12.581000Z,2026-07-28T10:44:58.294000Z,2026-07-27T13:59:12.971982Z,1100.0,CYJX2BAX,4670,Man (including Trans Male/Trans Man),English,49,Male,White,United Kingdom,United Kingdom,United Kingdom,English,No,Full-Time
6a675fe373f629febfc9116c,65cbbbcc5c1ef8b850c91eb5,APPROVED,Not Applicable,2026-07-27T13:40:51.214000Z,2026-07-27T13:55:34.867000Z,2026-07-28T10:44:58.601000Z,2026-07-27T13:55:35.238536Z,884.0,CYJX2BAX,3772,Man (including Trans Male/Trans Man),English,68,Male,White,United Kingdom,United Kingdom,United Kingdom,English,No,Part-Time
6a675fe3cfbbc84c4f605cba,6a181dbaafc993917f2db744,APPROVED,Not Applicable,2026-07-27T13:40:54.791000Z,2026-07-27T13:54:15.095000Z,2026-07-28T10:44:58.913000Z,2026-07-27T13:54:15.490258Z,801.0,CYJX2BAX,494,Man (including Trans Male/Trans Man),English,37,Male,White,United Kingdom,United Kingdom,United Kingdom,English,No,Full-Time
6a675fe7cebfd242378ad984,6a04cb3402503b68cf6c8128,APPROVED,Not Applicable,2026-07-27T13:41:01.092000Z,2026-07-27T13:54:56.859000Z,2026-07-28T10:44:59.192000Z,2026-07-27T13:54:57.241635Z,836.0,CYJX2BAX,316,Man (including Trans Male/Trans Man),English,26,Male,White,Australia,United Kingdom,Australia,English,No,Full-Time
6a675fe8424d0d10f53aecce,63d3ff7455fe68b811ef6b57,APPROVED,Not Applicable,2026-07-27T13:40:56.400000Z,2026-07-27T13:50:43.363000Z,2026-07-28T10:44:59.490000Z,2026-07-27T13:50:43.732858Z,587.0,CYJX2BAX,4735,Man (including Trans Male/Trans Man),English,21,Male,White,United Kingdom,United Kingdom,United Kingdom,English,Yes,Part-Time
6a675fecccb3b335022a803a,6a1002dabe7f5c918f052d3e,APPROVED,Not Applicable,2026-07-27T13:41:04.312000Z,2026-07-27T13:55:37.582000Z,2026-07-28T10:44:59.776000Z,2026-07-27T13:55:37.967142Z,874.0,CYJX2BAX,693,Man (including Trans Male/Trans Man),English,31,Male,Black,United Kingdom,United Kingdom,United Kingdom,English,No,Part-Time
6a675feed2db0a3d7e8c9965,6a0c4895cd389983452cf249,APPROVED,Not Applicable,2026-07-27T13:41:30.710000Z,2026-07-27T14:00:31.812000Z,2026-07-28T10:45:00.082000Z,2026-07-27T14:00:32.191525Z,1142.0,CYJX2BAX,26,Rather not say,English,32,Female,Prefer not to say,United Kingdom,United Kingdom,United Kingdom,English,No,Full-Time
6a675fef6619570a83df99a7,69ea53a90c6cacb935a68043,APPROVED,Not Applicable,2026-07-27T13:41:07.707000Z,2026-07-27T14:00:39.264000Z,2026-07-28T10:45:00.399000Z,2026-07-27T14:00:39.643950Z,1172.0,CYJX2BAX,1779,Man (including Trans Male/Trans Man),English,36,Male,Black,United Kingdom,United Kingdom,United Kingdom,English,No,Full-Time
6a675ff0054b844dc8abe34b,6a084928742bea092a160489,APPROVED,Not Applicable,2026-07-27T13:43:30.682000Z,2026-07-27T14:01:19.507000Z,2026-07-28T10:45:00.699000Z,2026-07-27T14:01:19.891307Z,1069.0,CYJX2BAX,583,Man (including Trans Male/Trans Man),English,33,Male,White,United Kingdom,United Kingdom,United Kingdom,English,No,Other
6a675ff0ab759dd9b782cff1,5eeddefa177a7322144cbc5e,APPROVED,Not Applicable,2026-07-27T13:41:09.550000Z,2026-07-27T13:55:30.747000Z,2026-07-28T10:45:00.977000Z,2026-07-27T13:55:31.106260Z,862.0,CYJX2BAX,5728,Man (including Trans Male/Trans Man),English,52,Male,Black,United Kingdom,United Kingdom,United Kingdom,English,No,Full-Time
6a675ff0e4f25cb2c1b8c4e0,6a33b228f4dd3410fb68e733,APPROVED,Not Applicable,2026-07-27T13:41:12.600000Z,2026-07-27T13:52:20.389000Z,2026-07-28T10:45:01.267000Z,2026-07-27T13:52:20.791401Z,668.0,CYJX2BAX,298,Man (including Trans Male/Trans Man),"Bulgarian, English",48,Male,White,Bulgaria,United Kingdom,United Kingdom,Bulgarian,No,Full-Time
6a675ff10e09948cc8204595,6a0975103186b7ce5d5a1aa9,APPROVED,Not Applicable,2026-07-27T13:47:16.954000Z,2026-07-27T14:07:27.161000Z,2026-07-28T10:45:01.570000Z,2026-07-27T14:07:27.527266Z,1211.0,CYJX2BAX,331,Man (including Trans Male/Trans Man),English,26,Male,White,United Kingdom,United Kingdom,United Kingdom,English,Yes,Other
6a675ff141d18d7e2fb564d0,5dcfaad2dd9a740c2493fc28,APPROVED,Not Applicable,2026-07-27T13:41:08.048000Z,2026-07-27T14:06:17.984000Z,2026-07-28T10:45:01.858000Z,2026-07-27T14:06:18.363141Z,1510.0,CYJX2BAX,11555,Man (including Trans Male/Trans Man),"English, Dutch, French, German, Italian, Chinese",37,Male,White,United Kingdom,United Kingdom,United Kingdom,English,No,Full-Time
6a675ff1d9ce54f61103f974,606605d4808361864cfe3db6,APPROVED,Not Applicable,2026-07-27T13:47:06.484000Z,2026-07-27T14:00:17.879000Z,2026-07-28T10:45:02.128000Z,2026-07-27T14:00:18.255784Z,792.0,CYJX2BAX,1315,Man (including Trans Male/Trans Man),English,40,Male,White,United Kingdom,United Kingdom,United Kingdom,English,DATA_EXPIRED,DATA_EXPIRED
6a675ff5ad4745127c7f69d0,6266b0409582f553a3e10d9a,APPROVED,Not Applicable,2026-07-27T13:41:12.614000Z,2026-07-27T13:54:31.740000Z,2026-07-28T10:45:02.417000Z,2026-07-27T13:54:32.163413Z,800.0,CYJX2BAX,5402,Man (including Trans Male/Trans Man),English,57,Male,White,Zimbabwe,United Kingdom,United Kingdom,English,No,Full-Time
6a675ff5add4af2f731774d9,66d31a1b0515fe747830bab9,APPROVED,Not Applicable,2026-07-27T13:41:16.047000Z,2026-07-27T13:56:07.192000Z,2026-07-28T10:45:02.718000Z,2026-07-27T13:56:07.577363Z,892.0,CYJX2BAX,8012,Man (including Trans Male/Trans Man),English,61,Male,White,United Kingdom,United Kingdom,United Kingdom,English,No,Full-Time
6a675ff92bc7a430a43e8815,69f378f38de4398a754a1733,APPROVED,Not Applicable,2026-07-27T13:41:36.545000Z,2026-07-27T13:57:53.658000Z,2026-07-28T10:45:03.035000Z,2026-07-27T13:57:54.032239Z,978.0,CYJX2BAX,452,Man (including Trans Male/Trans Man),English,57,Male,White,Germany,United Kingdom,Germany,German,No,Full-Time
6a675ffa82dd7359b12bce4f,69ff644a20a296f2eb3cb8a8,APPROVED,Not Applicable,2026-07-27T13:41:18.164000Z,2026-07-27T13:51:06.754000Z,2026-07-28T10:45:03.331000Z,2026-07-27T13:51:07.106729Z,589.0,CYJX2BAX,661,Man (including Trans Male/Trans Man),English,43,Male,White,United Kingdom,United Kingdom,United Kingdom,English,No,Full-Time
6a675ffc1e321f844363e884,660a6b953836d16312814993,APPROVED,Not Applicable,2026-07-27T13:41:20.349000Z,2026-07-27T13:51:40.798000Z,2026-07-28T10:45:03.639000Z,2026-07-27T13:51:41.201000Z,621.0,CYJX2BAX,5796,Man (including Trans Male/Trans Man),"Scots, English",33,Male,White,United Kingdom,United Kingdom,United Kingdom,English,No,Full-Time
6a675ffe389bec6c8723e5d0,66635ce30892c73e41fee639,APPROVED,Not Applicable,2026-07-27T13:41:23.200000Z,2026-07-27T14:05:37.017000Z,2026-07-28T10:45:03.959000Z,2026-07-27T14:05:37.430998Z,1454.0,CYJX2BAX,4163,Man (including Trans Male/Trans Man),English,38,Male,Mixed,United Kingdom,United Kingdom,United Kingdom,English,No,Full-Time
6a6760029a2f3a4f4c11ce91,60e0dc6be0772b7dfdad9b2c,APPROVED,Not Applicable,2026-07-27T13:41:32.498000Z,2026-07-27T13:57:15.638000Z,2026-07-28T10:45:04.269000Z,2026-07-28T02:31:55.545038Z,944.0,CYJX2BAX,6226,Man (including Trans Male/Trans Man),English,30,Male,White,United Kingdom,United Kingdom,United Kingdom,English,No,Part-Time
6a676005306f61ba046b6e53,6a221582ea51aa3a697a3886,APPROVED,Not Applicable,2026-07-27T13:41:27.453000Z,2026-07-27T13:56:16.329000Z,2026-07-28T10:45:04.555000Z,2026-07-27T13:56:16.721544Z,889.0,CYJX2BAX,258,Man (including Trans Male/Trans Man),"Portuguese, English",31,Male,Mixed,United Kingdom,United Kingdom,United Kingdom,English,Yes,Unemployed (and job seeking)
6a67609d9cd081671e618c76,6a019388b664eaeb436db6f5,APPROVED,Not Applicable,2026-07-27T13:44:23.210000Z,2026-07-27T14:01:20.288000Z,2026-07-28T10:45:04.876000Z,2026-07-27T14:01:20.649770Z,1018.0,CYJX2BAX,430,Man (including Trans Male/Trans Man),English,49,Male,White,United Kingdom,United Kingdom,United Kingdom,English,No,Full-Time
6a6760b69a2f3a4f4c11cea6,6a2458a9b1d158d0c9952ea7,APPROVED,Not Applicable,2026-07-27T13:51:49.298000Z,2026-07-27T14:09:22.870000Z,2026-07-28T10:45:05.165000Z,2026-07-27T14:09:23.308970Z,1054.0,CYJX2BAX,226,Man (including Trans Male/Trans Man),English,41,Male,White,United Kingdom,United Kingdom,United Kingdom,English,No,Full-Time
6a6760bffdb471efa9b100c9,6a055bd0cc3e5dfe595a28d5,APPROVED,Not Applicable,2026-07-27T13:44:36.964000Z,2026-07-27T14:04:36.650000Z,2026-07-28T10:45:05.471000Z,2026-07-27T14:04:37.015857Z,1200.0,CYJX2BAX,505,Man (including Trans Male/Trans Man),"English, Greek",49,Male,White,Greece,United Kingdom,Greece,Greek,No,Full-Time
6a6760eef7ca2d690a9b4ecf,6a1955759c8cdb424d42bf74,APPROVED,Not Applicable,2026-07-27T13:46:04.732000Z,2026-07-27T13:58:40.714000Z,2026-07-28T10:45:05.765000Z,2026-07-27T13:58:41.073819Z,756.0,CYJX2BAX,278,Man (including Trans Male/Trans Man),English,66,Male,White,United Kingdom,United Kingdom,United Kingdom,English,No,Unemployed (and job seeking)
6a6761009fc9421c7e8fd819,6a0e1cfa7c6e09a5e513b604,APPROVED,Not Applicable,2026-07-27T13:45:40.495000Z,2026-07-27T13:54:32.132000Z,2026-07-28T10:45:06.080000Z,2026-07-27T13:54:32.526858Z,532.0,CYJX2BAX,90,Man (including Trans Male/Trans Man),English,39,Male,White,United Kingdom,United Kingdom,United Kingdom,English,No,Full-Time
6a676804b0bfb86a5fedac06,69f98dd1e04cda4c659a9e41,APPROVED,Not Applicable,2026-07-27T14:15:40.298000Z,2026-07-27T14:25:54.600000Z,2026-07-28T10:45:06.393000Z,2026-07-27T14:25:55.340010Z,615.0,CYJX2BAX,558,Man (including Trans Male/Trans Man),English,52,Male,White,United Kingdom,United Kingdom,United Kingdom,English,No,Unemployed (and job seeking)
6a67600381b31770be58bc22,697929da26fc7a6fe77684e4,APPROVED,Not Applicable,2026-07-27T13:41:28.108000Z,2026-07-27T13:55:24.630000Z,2026-07-28T10:44:13.689000Z,2026-07-27T13:55:25.003654Z,837.0,C1KBWQV6,1297,Woman (including Trans Female/Trans Woman),"English, Swahili",35,Female,Black,Kenya,United Kingdom,DATA_EXPIRED,English,No,Full-Time
6a676003dc9686f64e3066e8,69f1da7e4a5cf222df2d5ac7,APPROVED,Not Applicable,2026-07-27T13:41:27.202000Z,2026-07-27T14:00:07.113000Z,2026-07-28T10:44:14.042000Z,2026-07-27T14:00:07.520443Z,1120.0,C1KBWQV6,315,Woman (including Trans Female/Trans Woman),English,21,Female,White,United Kingdom,United Kingdom,United Kingdom,English,No,Part-Time
6a67600556f508f188114d43,6a01daab2b02408aef749ccb,APPROVED,Not Applicable,2026-07-27T13:42:41.665000Z,2026-07-27T14:01:51.354000Z,2026-07-28T10:44:14.322000Z,2026-07-27T14:01:51.739244Z,1150.0,C1KBWQV6,240,Woman (including Trans Female/Trans Woman),"Chinese, English",37,Female,Asian,China,United Kingdom,China,Chinese,No,Due to start a new job within the next month
6a676008fdb471efa9b100bd,69fa33971bfe821769fb03d0,APPROVED,Not Applicable,2026-07-27T13:42:08.064000Z,2026-07-27T14:16:48.487000Z,2026-07-28T10:44:14.589000Z,2026-07-27T14:16:48.859265Z,2081.0,C1KBWQV6,53,Woman (including Trans Female/Trans Woman),"Welsh, English",20,Female,White,United Kingdom,United Kingdom,United Kingdom,Welsh,No,Full-Time
6a6760099c10089bf23bb207,6a1a2f1d18ecb182934305df,APPROVED,Not Applicable,2026-07-27T13:41:32.200000Z,2026-07-27T13:56:06.637000Z,2026-07-28T10:44:14.863000Z,2026-07-27T13:56:19.257403Z,875.0,C1KBWQV6,96,Woman (including Trans Female/Trans Woman),English,28,Female,White,United States,United Kingdom,United States,English,No,"Not in paid work (e.g. homemaker', 'retired or disabled)"
6a67600e5895c8f0163bf816,64a9858be9b52e570ffb3c1e,APPROVED,Not Applicable,2026-07-27T13:41:36.665000Z,2026-07-27T14:06:46.635000Z,2026-07-28T10:44:15.139000Z,2026-07-27T14:06:52.116599Z,1510.0,C1KBWQV6,5794,Woman (including Trans Female/Trans Woman),English,68,Female,White,United Kingdom,United Kingdom,United Kingdom,English,No,Full-Time
6a67600e987390aa4dcb19f4,69f3c29f7f3969d3695109a8,APPROVED,Not Applicable,2026-07-27T13:41:42.829000Z,2026-07-27T14:00:20.329000Z,2026-07-28T10:44:15.452000Z,2026-07-27T14:00:20.722710Z,1118.0,C1KBWQV6,602,Woman (including Trans Female/Trans Woman),"English, Urdu",34,Female,Asian,Pakistan,United Kingdom,Pakistan,Urdu,No,Unemployed (and job seeking)
6a676013f3e3f86d08c4d01b,6a218dae2f1b98857277d1de,APPROVED,Not Applicable,2026-07-27T13:41:44.382000Z,2026-07-27T13:56:00.154000Z,2026-07-28T10:44:15.732000Z,2026-07-27T13:56:00.513216Z,856.0,C1KBWQV6,448,Woman (including Trans Female/Trans Woman),English,22,Female,Asian,United Kingdom,United Kingdom,United Kingdom,English,Yes,Unemployed (and job seeking)
6a6760181e62e8678e9fdb7b,613a37819b27acb95e432628,APPROVED,Not Applicable,2026-07-27T13:41:49.578000Z,2026-07-27T13:50:21.660000Z,2026-07-28T10:44:16.012000Z,2026-07-27T13:50:22.001506Z,513.0,C1KBWQV6,1389,Woman (including Trans Female/Trans Woman),English,29,Female,White,United Kingdom,United Kingdom,United Kingdom,English,Yes,Full-Time
6a67601b8255645064f7f2e1,6983331709c0fe233e0f848b,APPROVED,Not Applicable,2026-07-27T13:41:53.821000Z,2026-07-27T14:06:32.851000Z,2026-07-28T10:44:16.294000Z,2026-07-27T14:06:33.251554Z,1480.0,C1KBWQV6,120,Woman (including Trans Female/Trans Woman),English,20,Female,Asian,United Kingdom,United Kingdom,United Kingdom,English,Yes,Unemployed (and job seeking)
6a67601e875e86474065c136,6658b2c33d4c39023821ce21,APPROVED,Not Applicable,2026-07-27T13:41:55.810000Z,2026-07-27T14:04:00.055000Z,2026-07-28T10:44:16.581000Z,2026-07-27T14:04:00.421454Z,1325.0,C1KBWQV6,376,Non-binary (would like to give more detail),English,22,Female,White,United Kingdom,United Kingdom,United Kingdom,English,DATA_EXPIRED,DATA_EXPIRED
6a67601f2bc7a430a43e881d,6a0e3b3d4d59d3110d005558,APPROVED,Not Applicable,2026-07-27T13:42:23.487000Z,2026-07-27T13:54:29.429000Z,2026-07-28T10:44:16.901000Z,2026-07-27T13:54:29.845667Z,726.0,C1KBWQV6,322,Woman (including Trans Female/Trans Woman),English,56,Female,White,United Kingdom,United Kingdom,United Kingdom,English,No,Part-Time
6a67601f55e0f3b33512cac8,6a25d59cc840d0ff539d6448,APPROVED,Not Applicable,2026-07-27T13:42:24.987000Z,2026-07-27T13:58:16.740000Z,2026-07-28T10:44:17.185000Z,2026-07-27T13:58:17.121809Z,952.0,C1KBWQV6,405,Woman (including Trans Female/Trans Woman),"English, Urdu, Hindi",29,Female,Asian,Pakistan,United Kingdom,DATA_EXPIRED,English,Yes,Full-Time
6a676024add4af2f731774dc,69fe260d62ffdde7f6f68727,APPROVED,Not Applicable,2026-07-27T13:45:55.925000Z,2026-07-27T14:22:09.792000Z,2026-07-28T10:44:17.467000Z,2026-07-27T14:22:10.175309Z,2174.0,C1KBWQV6,292,Woman (including Trans Female/Trans Woman),English,31,Female,Asian,United States,United Kingdom,United States,English,Yes,Full-Time
6a6760257a1e3add457e0560,69e8b296cf58f745dc89bacd,APPROVED,Not Applicable,2026-07-27T13:41:59.831000Z,2026-07-27T13:55:45.729000Z,2026-07-28T10:44:17.754000Z,2026-07-27T13:55:46.104080Z,826.0,C1KBWQV6,748,Woman (including Trans Female/Trans Woman),English,43,Female,White,United Kingdom,United Kingdom,United Kingdom,English,No,Other
6a6760264a38aa310aeebdf1,5f47d8f1e974b12169221876,APPROVED,Not Applicable,2026-07-27T13:42:07.258000Z,2026-07-27T13:52:19.972000Z,2026-07-28T10:44:18.041000Z,2026-07-27T13:52:20.330502Z,613.0,C1KBWQV6,3587,Woman (including Trans Female/Trans Woman),English,34,Female,White,United Kingdom,United Kingdom,United Kingdom,English,No,Full-Time
6a67602c57647a7b6953198c,6a18c13998bc7f21f3680b0e,APPROVED,Not Applicable,2026-07-27T13:42:21.034000Z,2026-07-27T13:54:34.568000Z,2026-07-28T10:44:18.309000Z,2026-07-27T13:54:35.075773Z,734.0,C1KBWQV6,296,Woman (including Trans Female/Trans Woman),English,20,Female,White,United Kingdom,United Kingdom,United Kingdom,English,Yes,Part-Time
6a67602d235c77f4f702122d,6a25865d2d6177946644c54c,APPROVED,Not Applicable,2026-07-27T13:42:13.933000Z,2026-07-27T14:08:14.393000Z,2026-07-28T10:44:18.586000Z,2026-07-27T14:08:14.754563Z,1561.0,C1KBWQV6,178,Woman (including Trans Female/Trans Woman),English,65,Female,White,United Kingdom,United Kingdom,United Kingdom,English,No,"Not in paid work (e.g. homemaker', 'retired or disabled)"
6a67602d31cc4db2594809c0,6a0614623461a6164ee8555a,APPROVED,Not Applicable,2026-07-27T13:42:07.483000Z,2026-07-27T13:54:32.730000Z,2026-07-28T10:44:18.870000Z,2026-07-27T13:54:33.147983Z,746.0,C1KBWQV6,79,Woman (including Trans Female/Trans Woman),English,43,Female,White,United Kingdom,United Kingdom,United Kingdom,English,No,Full-Time
6a67602e4f6748b17bc353ce,5a94f57289de8200013ecbc8,APPROVED,Not Applicable,2026-07-27T13:42:11.826000Z,2026-07-27T14:08:10.743000Z,2026-07-28T10:44:19.170000Z,2026-07-27T14:08:11.112674Z,1559.0,C1KBWQV6,3766,Woman (including Trans Female/Trans Woman),English,52,Female,White,United Kingdom,United Kingdom,United Kingdom,English,DATA_EXPIRED,Full-Time
6a67602eb3e1ac8322e5e7fc,6a259318979530883214bd3a,APPROVED,Not Applicable,2026-07-27T13:42:06.097000Z,2026-07-27T13:50:04.127000Z,2026-07-28T10:44:19.475000Z,2026-07-27T13:50:04.500873Z,479.0,C1KBWQV6,315,Woman (including Trans Female/Trans Woman),English,18,Female,White,United Kingdom,United Kingdom,United Kingdom,English,Yes,Unemployed (and job seeking)
6a6760316d09654c711d5502,6a1e6c17cbede57173fc303c,APPROVED,Not Applicable,2026-07-27T13:42:34.674000Z,2026-07-27T14:07:02.796000Z,2026-07-28T10:44:19.764000Z,2026-07-27T14:07:03.183910Z,1469.0,C1KBWQV6,655,Woman (including Trans Female/Trans Woman),"English, Spanish, Catalan",35,Female,White,Spain,United Kingdom,Spain,Spanish,No,Part-Time
6a6760322b37904982618ccf,57698d52688a5c00018d958d,APPROVED,Not Applicable,2026-07-27T13:42:15.156000Z,2026-07-27T13:53:19.707000Z,2026-07-28T10:44:20.063000Z,2026-07-27T13:53:20.111538Z,665.0,C1KBWQV6,6506,Woman (including Trans Female/Trans Woman),English,66,Female,White,United Kingdom,United Kingdom,United Kingdom,English,No,Part-Time
6a676032924b689d733744f0,56f699e876348f000c883bba,APPROVED,Not Applicable,2026-07-27T13:42:14.164000Z,2026-07-27T13:50:57.141000Z,2026-07-28T10:44:20.368000Z,2026-07-27T13:50:57.494867Z,523.0,C1KBWQV6,7657,Woman (including Trans Female/Trans Woman),English,31,Female,White,United Kingdom,United Kingdom,United Kingdom,English,No,Full-Time
6a676033a64a2397f527af60,6a15b71865f2dbbd1e04cf0f,APPROVED,Not Applicable,2026-07-27T13:42:16.009000Z,2026-07-27T13:53:59.114000Z,2026-07-28T10:44:20.689000Z,2026-07-27T13:53:59.509214Z,704.0,C1KBWQV6,71,Woman (including Trans Female/Trans Woman),English,24,Female,Asian,United Kingdom,United Kingdom,United Kingdom,English,No,Unemployed (and job seeking)
6a676033dc5ad4ed646c274a,6978c4ce16debe179b052814,APPROVED,Not Applicable,2026-07-27T13:43:13.640000Z,2026-07-27T13:57:01.519000Z,2026-07-28T10:44:20.993000Z,2026-07-27T13:57:01.863372Z,828.0,C1KBWQV6,469,Woman (including Trans Female/Trans Woman),English,25,Female,Asian,United Kingdom,United Kingdom,United Kingdom,English,Yes,"Not in paid work (e.g. homemaker', 'retired or disabled)"
6a676034b72dbe9c08ebc2c0,6a0252dc959d360ed8448c2f,APPROVED,Not Applicable,2026-07-27T13:43:02.398000Z,2026-07-27T14:08:26.941000Z,2026-07-28T10:44:21.299000Z,2026-07-27T14:08:27.286650Z,1525.0,C1KBWQV6,344,Woman (including Trans Female/Trans Woman),"German, English, Bulgarian",26,Female,White,Bulgaria,United Kingdom,Bulgaria,Bulgarian,No,Full-Time
6a67603555360f576042c1db,673f6ffebce20832346325de,APPROVED,Not Applicable,2026-07-27T13:42:21.868000Z,2026-07-27T13:53:21.251000Z,2026-07-28T10:44:21.585000Z,2026-07-27T13:53:21.617405Z,660.0,C1KBWQV6,3915,Woman (including Trans Female/Trans Woman),English,42,Female,White,United Kingdom,United Kingdom,United Kingdom,English,No,Full-Time
6a676035ab759dd9b782cff5,65c242831388550b0a42bd25,APPROVED,Not Applicable,2026-07-27T13:42:18.038000Z,2026-07-27T13:57:05.997000Z,2026-07-28T10:44:21.909000Z,2026-07-27T13:57:06.399291Z,888.0,C1KBWQV6,6238,Woman (including Trans Female/Trans Woman),"Welsh, French, English",48,Female,White,United Kingdom,United Kingdom,United Kingdom,English,Yes,Part-Time
6a676036ed1ed0c0046c6dbd,69ec62448e0da8c83aa21a9f,APPROVED,Not Applicable,2026-07-27T13:42:16.954000Z,2026-07-27T14:06:02.476000Z,2026-07-28T10:44:22.201000Z,2026-07-27T14:06:02.894676Z,1426.0,C1KBWQV6,909,Woman (including Trans Female/Trans Woman),"Indonesian, English",37,Female,Asian,Indonesia,United Kingdom,Indonesia,Indonesian,No,Full-Time
6a67603a05fe6a34b7c79ae0,66c7ab8ceeb9918cef4c58c2,APPROVED,Not Applicable,2026-07-27T13:42:22.377000Z,2026-07-27T13:57:14.587000Z,2026-07-28T10:44:22.473000Z,2026-07-27T13:57:14.978591Z,893.0,C1KBWQV6,2112,Woman (including Trans Female/Trans Woman),"English, Portuguese",80,Female,White,Portugal,United Kingdom,Portugal,Portuguese,No,"Not in paid work (e.g. homemaker', 'retired or disabled)"
6a67603eb4c0359822f2902c,69fdef338f87c1f1bf52ec2d,APPROVED,Not Applicable,2026-07-27T13:42:29.208000Z,2026-07-27T13:51:36.948000Z,2026-07-28T10:44:22.758000Z,2026-07-27T13:51:37.364088Z,548.0,C1KBWQV6,696,Woman (including Trans Female/Trans Woman),English,31,Female,White,United Kingdom,United Kingdom,United Kingdom,English,No,Full-Time
6a676040219eb086bd50909f,69fe13c519d7b1d2a874d1a1,APPROVED,Not Applicable,2026-07-27T13:42:45.197000Z,2026-07-27T13:58:19.761000Z,2026-07-28T10:44:23.030000Z,2026-07-27T13:58:20.111261Z,935.0,C1KBWQV6,531,Woman (including Trans Female/Trans Woman),English,33,Female,White,Turkey,United Kingdom,Turkey,Turkish,No,Unemployed (and job seeking)
6a6760420e6ab3c8cec12006,67421394562c1e7b3b1a4052,APPROVED,Not Applicable,2026-07-27T13:42:31.109000Z,2026-07-27T14:03:53.146000Z,2026-07-28T10:44:23.303000Z,2026-07-27T14:03:53.498794Z,1283.0,C1KBWQV6,489,Woman (including Trans Female/Trans Woman),"English, Hungarian",38,Female,White,Hungary,United Kingdom,Hungary,Hungarian,No,Part-Time
6a676043054b844dc8abe356,5c91fad394f7e600172f9d4a,APPROVED,Not Applicable,2026-07-27T13:44:57.267000Z,2026-07-27T13:55:14.338000Z,2026-07-28T10:44:23.579000Z,2026-07-27T13:55:14.694357Z,618.0,C1KBWQV6,6726,Woman (including Trans Female/Trans Woman),English,49,Female,White,United Kingdom,United Kingdom,United Kingdom,English,Yes,Part-Time
6a6760442d2e7e93109b4ead,571bdaa76b0894001362f780,APPROVED,Not Applicable,2026-07-27T13:43:38.161000Z,2026-07-27T14:03:19.734000Z,2026-07-28T10:44:23.840000Z,2026-07-27T14:03:20.172412Z,1182.0,C1KBWQV6,4996,Woman (including Trans Female/Trans Woman),English,45,Female,White,United Kingdom,United Kingdom,United Kingdom,English,No,Part-Time
6a67604510fbf346f1939793,63cedafa29d08471b828a96a,APPROVED,Not Applicable,2026-07-27T13:42:32.673000Z,2026-07-27T13:54:50.593000Z,2026-07-28T10:44:24.117000Z,2026-07-27T13:54:50.973903Z,738.0,C1KBWQV6,5710,Woman (including Trans Female/Trans Woman),English,47,Female,White,United Kingdom,United Kingdom,United Kingdom,English,No,Full-Time
6a676048b3e1ac8322e5e7fe,5e4c511d056b9c0ad9b6fd24,APPROVED,Not Applicable,2026-07-27T13:42:37.078000Z,2026-07-27T14:11:53.015000Z,2026-07-28T10:44:24.373000Z,2026-07-27T14:11:53.381099Z,1756.0,C1KBWQV6,4335,Woman (including Trans Female/Trans Woman),English,69,Female,White,United Kingdom,United Kingdom,United Kingdom,English,DATA_EXPIRED,DATA_EXPIRED
6a6760497eb90fa3aaa2ca95,5e3ddcf95556b204cb143eab,APPROVED,Not Applicable,2026-07-27T13:42:37.316000Z,2026-07-27T13:57:21.666000Z,2026-07-28T10:44:24.672000Z,2026-07-27T13:57:22.032243Z,885.0,C1KBWQV6,5863,Woman (including Trans Female/Trans Woman),"English, Russian",32,Female,White,Russian Federation,United Kingdom,Russian Federation,Russian,No,Part-Time
6a67604c03400fb0755f3a93,5a52a04cacc75b000179cd4c,APPROVED,Not Applicable,2026-07-27T13:42:41.275000Z,2026-07-27T13:56:09.463000Z,2026-07-28T10:44:24.933000Z,2026-07-27T13:56:09.854740Z,809.0,C1KBWQV6,2201,Woman (including Trans Female/Trans Woman),English,38,Female,White,United Kingdom,United Kingdom,United Kingdom,English,No,Full-Time
6a67604e0a365fae26dbc6fc,69e609b599763c38ca9f3bac,APPROVED,Not Applicable,2026-07-27T13:42:51.811000Z,2026-07-27T13:52:36.740000Z,2026-07-28T10:44:25.213000Z,2026-07-27T13:52:37.178431Z,585.0,C1KBWQV6,271,Woman (including Trans Female/Trans Woman),"English, Japanese",31,Female,Asian,China,United Kingdom,China,Chinese,No,Other
6a67604e5895c8f0163bf81d,6a203e841e11a65eb3af80aa,APPROVED,Not Applicable,2026-07-27T13:42:46.712000Z,2026-07-27T13:53:17.538000Z,2026-07-28T10:44:25.476000Z,2026-07-27T13:53:17.941949Z,631.0,C1KBWQV6,193,Woman (including Trans Female/Trans Woman),"English, Polish",28,Female,White,Poland,United Kingdom,Poland,Polish,No,Full-Time
6a676052bf646252510dea86,5cedaba627d8ce00018469bb,APPROVED,Not Applicable,2026-07-27T13:43:26.237000Z,2026-07-27T13:57:50.927000Z,2026-07-28T10:44:25.777000Z,2026-07-27T13:57:51.303672Z,865.0,C1KBWQV6,3530,Woman (including Trans Female/Trans Woman),English,44,Female,White,United Kingdom,United Kingdom,United Kingdom,English,DATA_EXPIRED,DATA_EXPIRED
6a67607910fbf346f19397a2,6a1d5035af8f2677814eebd2,APPROVED,Not Applicable,2026-07-27T13:43:35.828000Z,2026-07-27T14:00:51.317000Z,2026-07-28T10:44:26.079000Z,2026-07-27T14:00:51.702842Z,1036.0,C1KBWQV6,243,Woman (including Trans Female/Trans Woman),"English, Japanese",45,Female,Asian,Japan,United Kingdom,United Kingdom,Japanese,No,Other
6a67607c104ae82a06e81cc8,59dbb88b0fb3a90001bd90b0,APPROVED,Not Applicable,2026-07-27T13:43:28.240000Z,2026-07-27T13:55:03.624000Z,2026-07-28T10:44:26.365000Z,2026-07-27T13:55:04.003098Z,696.0,C1KBWQV6,1309,Woman (including Trans Female/Trans Woman),English,32,Female,White,United Kingdom,United Kingdom,United Kingdom,English,No,DATA_EXPIRED
6a6760845d36b3173b0994bc,69e941fec7b56938303e7a3e,APPROVED,Not Applicable,2026-07-27T13:44:27.895000Z,2026-07-27T13:57:26.446000Z,2026-07-28T10:44:26.663000Z,2026-07-27T13:57:26.812255Z,779.0,C1KBWQV6,1186,Woman (including Trans Female/Trans Woman),"English, Spanish, Catalan",29,Female,White,Spain,United Kingdom,Spain,Spanish,Yes,Full-Time
6a67613d38925486246752a3,6a00cd666b9feadbf1eafafe,APPROVED,Not Applicable,2026-07-27T13:47:07.935000Z,2026-07-27T13:59:44.155000Z,2026-07-28T10:44:26.968000Z,2026-07-27T13:59:44.542804Z,757.0,C1KBWQV6,172,Woman (including Trans Female/Trans Woman),English,30,Female,White,United Kingdom,United Kingdom,United Kingdom,English,No,Full-Time
6a67622cef188c2abee81cb5,6a0aed9a06391bae485433ba,APPROVED,Not Applicable,2026-07-27T13:50:41.023000Z,2026-07-27T14:03:07.475000Z,2026-07-28T10:44:27.247000Z,2026-07-27T14:03:07.845464Z,747.0,C1KBWQV6,187,Woman (including Trans Female/Trans Woman),English,28,Female,White,United Kingdom,United Kingdom,United Kingdom,English,No,Part-Time
6a6762ca0c3a0e6f9be08676,6a1445c31706d609f057aa73,APPROVED,Not Applicable,2026-07-27T13:53:25.884000Z,2026-07-27T14:07:57.856000Z,2026-07-28T10:44:27.509000Z,2026-07-27T14:07:58.226195Z,872.0,C1KBWQV6,170,Woman (including Trans Female/Trans Woman),English,40,Female,White,United Kingdom,United Kingdom,United Kingdom,English,No,Part-Time
6a6769f8a9d9ef370f26e25a,69f76b21cab3bf4a9db3b459,APPROVED,Not Applicable,2026-07-27T14:24:04.897000Z,2026-07-27T14:42:11.379000Z,2026-07-28T10:44:27.783000Z,2026-07-27T14:42:12.543803Z,1087.0,C1KBWQV6,335,Woman (including Trans Female/Trans Woman),English,27,Female,Black,United Kingdom,United Kingdom,United Kingdom,English,No,Unemployed (and job seeking)
