participant_id,NS_SC_Ca_SR_Sa_NF,NS_SC_Ca_SR_Sa_WF,NS_SC_Ca_SR_Sn_NF,NS_SC_Ca_SR_Sn_WF,NS_SC_Ca_SM_Sa_NF,NS_SC_Ca_SM_Sa_WF,NS_SC_Ca_SM_Sn_NF,NS_SC_Ca_SM_Sn_WF,NS_SC_Pe_SR_Sa_NF,NS_SC_Pe_SR_Sa_WF,NS_SC_Pe_SR_Sn_NF,NS_SC_Pe_SR_Sn_WF,NS_SC_Pe_SM_Sa_NF,NS_SC_Pe_SM_Sa_WF,NS_SC_Pe_SM_Sn_NF,NS_SC_Pe_SM_Sn_WF,NS_WC_Ca_SR_Sa_NF,NS_WC_Ca_SR_Sa_WF,NS_WC_Ca_SR_Sn_NF,NS_WC_Ca_SR_Sn_WF,NS_WC_Ca_SM_Sa_NF,NS_WC_Ca_SM_Sa_WF,NS_WC_Ca_SM_Sn_NF,NS_WC_Ca_SM_Sn_WF,NS_WC_Pe_SR_Sa_NF,NS_WC_Pe_SR_Sa_WF,NS_WC_Pe_SR_Sn_NF,NS_WC_Pe_SR_Sn_WF,NS_WC_Pe_SM_Sa_NF,NS_WC_Pe_SM_Sa_WF,NS_WC_Pe_SM_Sn_NF,NS_WC_Pe_SM_Sn_WF,S_SC_Ca_SR_Sa_NF,S_SC_Ca_SR_Sa_WF,S_SC_Ca_SR_Sn_NF,S_SC_Ca_SR_Sn_WF,S_SC_Ca_SM_Sa_NF,S_SC_Ca_SM_Sa_WF,S_SC_Ca_SM_Sn_NF,S_SC_Ca_SM_Sn_WF,S_SC_Pe_SR_Sa_NF,S_SC_Pe_SR_Sa_WF,S_SC_Pe_SR_Sn_NF,S_SC_Pe_SR_Sn_WF,S_SC_Pe_SM_Sa_NF,S_SC_Pe_SM_Sa_WF,S_SC_Pe_SM_Sn_NF,S_SC_Pe_SM_Sn_WF,S_WC_Ca_SR_Sa_NF,S_WC_Ca_SR_Sa_WF,S_WC_Ca_SR_Sn_NF,S_WC_Ca_SR_Sn_WF,S_WC_Ca_SM_Sa_NF,S_WC_Ca_SM_Sa_WF,S_WC_Ca_SM_Sn_NF,S_WC_Ca_SM_Sn_WF,S_WC_Pe_SR_Sa_NF,S_WC_Pe_SR_Sa_WF,S_WC_Pe_SR_Sn_NF,S_WC_Pe_SR_Sn_WF,S_WC_Pe_SM_Sa_NF,S_WC_Pe_SM_Sa_WF,S_WC_Pe_SM_Sn_NF,S_WC_Pe_SM_Sn_WF
56f699e876348f000c883bba,7,7,2,1,6,3,1,1,2,3,2,2,3,2,2,1,3,2,2,1,2,2,2,1,6,2,4,1,6,3,6,1,6,6,1,1,6,6,2,1,6,3,2,1,5,2,2,1,3,4,5,1,2,3,3,1,5,6,7,1,3,2,4,1
571bdaa76b0894001362f780,7,6,2,1,7,7,1,1,1,2,2,1,1,2,1,2,6,6,1,1,2,5,1,1,2,2,7,6,1,3,7,5,6,7,1,1,7,4,1,2,2,1,1,6,1,1,3,1,2,5,1,1,4,2,2,1,1,2,7,7,5,2,7,7
57509aade19ee9000680df04,1,1,1,1,2,3,1,1,2,1,1,1,1,1,1,1,1,1,1,1,1,1,1,1,1,1,1,1,1,1,1,1,2,2,1,1,1,3,1,1,1,1,1,1,1,1,1,1,2,1,1,1,1,1,1,1,1,1,1,1,1,1,1,1
5755c957eb80c4000741a9ce,6,5,2,1,6,6,2,2,5,5,3,3,5,3,3,2,5,5,3,1,4,5,5,1,3,4,3,3,4,5,2,4,2,2,3,5,2,5,5,1,5,4,1,5,5,3,6,2,2,5,6,2,2,5,1,5,5,5,6,3,5,2,4,6
57698d52688a5c00018d958d,2,2,1,2,2,2,2,2,2,2,2,2,2,2,2,2,2,2,2,2,2,2,2,2,2,2,2,2,2,2,2,2,2,2,2,2,2,2,2,2,2,2,2,2,2,2,2,2,2,2,2,2,2,2,2,2,2,2,2,2,2,2,2,2
59a6aa43b2130b000179d303,6,6,1,1,6,6,1,1,3,2,6,3,6,3,1,1,6,7,1,1,6,6,1,1,3,3,6,5,3,3,1,1,2,1,1,1,2,6,3,1,5,3,7,2,2,2,7,1,2,6,2,1,3,1,3,3,6,2,7,6,5,2,7,2
59ae8d282a78fd00010b80e7,4,4,4,4,4,4,4,4,3,4,4,2,4,4,4,4,4,4,4,4,4,4,4,4,4,4,4,4,4,4,4,4,4,4,4,4,4,5,4,4,4,4,4,4,4,4,4,4,4,4,4,4,4,4,4,4,4,4,4,4,4,4,4,4
59dbb88b0fb3a90001bd90b0,6,6,3,2,6,5,2,3,4,4,2,3,3,3,2,3,6,3,2,3,4,4,1,2,4,5,3,3,5,4,3,5,6,6,2,2,5,5,2,3,4,3,2,3,3,4,3,2,4,4,2,2,4,4,3,2,5,4,6,3,3,5,5,4
5a52a04cacc75b000179cd4c,5,1,1,1,1,5,1,1,1,1,1,1,1,1,1,1,4,4,1,1,1,5,1,1,5,1,1,1,1,1,1,1,1,1,1,1,4,5,1,1,2,1,1,1,1,1,5,1,1,1,1,1,1,1,1,1,1,1,1,4,1,1,1,1
5a94f57289de8200013ecbc8,7,5,3,3,5,6,3,3,2,1,3,2,3,3,3,1,5,6,3,3,6,7,1,2,3,3,3,2,1,3,3,1,5,2,3,3,5,5,1,1,2,1,2,1,1,2,2,5,2,2,2,3,2,5,2,1,1,3,7,5,1,1,6,2
5a993b151eda410001365a23,4,3,2,2,4,3,3,2,3,3,3,3,2,3,3,3,4,4,3,3,3,4,3,2,3,3,3,3,3,3,4,2,2,2,2,2,2,2,2,4,2,2,2,2,2,2,2,2,3,3,3,2,3,3,3,3,3,4,4,3,4,3,4,3
5bf8367e99837f0001cf1078,7,6,3,2,7,6,2,2,2,2,1,3,3,3,2,1,7,7,3,3,6,7,3,5,6,7,2,5,6,6,4,7,3,6,2,2,2,2,1,2,1,2,1,3,3,3,3,3,2,3,2,2,2,2,3,3,3,1,7,7,6,5,7,6
5c91fad394f7e600172f9d4a,3,2,2,1,3,3,2,2,1,2,2,1,2,2,2,2,3,3,2,2,3,2,2,2,2,1,2,2,2,2,1,2,2,3,2,2,3,3,2,2,2,1,1,2,2,2,2,2,3,3,2,2,3,3,2,2,2,2,2,2,2,2,2,2
5cedaba627d8ce00018469bb,4,3,2,3,2,4,3,2,4,4,2,3,4,3,4,3,4,3,2,2,5,3,3,3,2,3,2,2,5,3,2,2,4,4,1,3,5,3,2,3,4,3,4,2,2,2,3,3,3,4,1,3,4,3,4,2,2,2,4,2,3,3,4,2
5dcfaad2dd9a740c2493fc28,5,4,1,1,4,3,2,1,2,2,1,1,2,2,2,1,5,4,1,2,4,2,1,1,2,2,2,2,4,2,5,2,3,5,1,2,2,1,1,2,1,1,3,2,1,2,3,1,1,4,2,1,1,1,1,1,1,2,2,1,2,2,5,1
5e3891a0ffe78b000a8a4124,3,2,2,2,2,5,2,2,2,2,2,2,2,2,2,2,3,2,2,2,2,2,2,2,2,2,2,2,2,2,2,2,5,4,2,2,3,5,2,2,2,2,3,3,2,2,2,2,2,2,2,3,2,2,2,2,2,2,3,3,2,2,2,2
5e3ddcf95556b204cb143eab,6,6,4,5,6,5,3,5,3,2,4,4,6,3,5,5,5,4,3,5,5,5,5,4,4,3,4,4,5,5,6,6,4,4,2,4,3,6,6,5,3,3,5,5,2,4,4,6,4,4,6,2,3,3,5,6,4,5,5,6,5,5,6,6
5e4c511d056b9c0ad9b6fd24,7,3,3,2,3,1,1,1,4,3,4,3,1,3,2,4,1,1,5,3,3,3,3,4,2,4,5,6,3,1,3,6,7,3,3,2,7,4,3,3,3,1,1,3,2,3,2,5,3,4,4,3,3,2,3,4,2,3,2,2,2,5,5,6
5eeddefa177a7322144cbc5e,6,5,1,1,6,5,1,1,2,2,1,1,3,2,1,1,5,6,3,2,6,3,2,1,3,3,5,1,3,5,6,1,6,6,1,1,6,6,1,1,3,2,1,1,2,2,1,1,5,5,2,2,5,5,2,2,2,2,5,3,3,2,3,2
5f47d8f1e974b12169221876,6,5,3,2,6,6,3,3,3,3,3,2,3,3,3,2,3,6,3,3,6,5,3,3,3,3,2,3,3,3,3,2,6,6,6,3,6,6,3,3,3,3,3,2,3,3,3,3,5,4,3,3,5,5,3,3,3,3,2,3,3,3,4,3
606605d4808361864cfe3db6,1,1,1,1,3,1,1,1,1,1,1,1,1,1,1,2,3,1,1,1,4,1,1,1,1,2,1,1,1,1,1,1,1,2,1,1,3,1,1,1,1,1,1,1,1,1,1,1,3,2,1,1,1,3,1,1,2,1,1,1,1,1,1,1
60e0dc6be0772b7dfdad9b2c,5,5,5,4,6,6,6,6,4,5,5,5,6,4,6,4,6,5,5,6,6,6,6,6,5,6,5,4,4,4,6,5,2,3,2,3,4,4,5,3,2,5,2,3,3,3,3,4,3,3,2,6,4,5,3,5,2,6,2,2,3,4,3,5
613a37819b27acb95e432628,6,3,1,2,5,5,4,3,5,4,3,3,4,4,4,1,3,3,2,3,4,3,3,3,2,4,2,3,5,3,4,1,4,1,4,3,4,3,3,3,3,3,4,3,3,3,3,4,2,3,2,3,3,3,2,2,3,3,5,3,3,2,4,3
6266b0409582f553a3e10d9a,5,7,1,1,7,5,1,2,3,2,5,6,3,2,6,2,6,5,3,2,4,7,3,3,4,3,7,1,2,4,6,1,7,7,2,2,7,7,3,2,3,2,7,1,5,3,7,6,7,7,3,1,7,6,2,1,3,3,5,3,6,3,7,2
63cedafa29d08471b828a96a,6,6,1,2,6,5,3,2,6,5,3,2,6,5,4,2,5,5,3,3,6,5,3,3,5,5,5,3,4,4,3,4,4,4,4,3,5,4,4,3,4,5,4,3,4,4,4,3,5,5,5,4,5,5,6,6,5,5,6,2,5,5,6,3
63d3ff7455fe68b811ef6b57,7,6,5,3,6,6,3,3,4,1,2,1,3,1,2,3,4,3,4,4,5,2,3,3,2,5,3,2,2,2,4,2,1,2,1,3,2,4,1,3,1,1,1,1,4,1,1,4,3,3,4,3,3,3,4,3,4,5,6,6,5,5,7,6
64a9858be9b52e570ffb3c1e,6,5,3,2,6,3,4,7,4,1,6,1,2,2,2,4,6,6,3,2,6,6,2,2,4,3,5,2,2,1,6,1,6,5,2,3,6,5,3,2,3,1,2,5,3,2,4,1,6,5,4,2,5,6,3,4,5,3,2,1,3,3,2,1
65c242831388550b0a42bd25,1,1,1,1,1,1,1,1,1,1,1,1,1,1,1,1,1,1,1,1,1,1,1,1,1,1,1,1,1,1,1,1,1,1,1,1,1,1,1,1,1,1,1,1,1,1,1,1,1,1,1,1,1,1,1,1,1,1,1,1,1,1,1,1
65cbbbcc5c1ef8b850c91eb5,5,6,3,3,5,4,3,3,2,3,2,3,3,3,2,2,6,5,3,2,5,5,3,3,3,3,2,3,3,2,3,2,3,2,3,3,2,5,3,3,3,3,5,3,1,3,1,5,2,4,2,3,2,6,2,3,3,3,5,6,3,2,3,5
660a6b953836d16312814993,6,6,6,2,5,7,7,3,3,6,6,2,5,4,2,2,2,4,5,5,4,5,5,1,5,6,5,6,6,5,6,6,2,5,3,1,6,3,6,5,3,3,1,3,2,3,2,1,3,3,3,2,3,5,2,3,4,5,6,6,5,6,5,6
6658b2c33d4c39023821ce21,6,1,2,2,6,6,1,3,3,2,2,2,2,1,2,1,2,2,2,1,2,1,2,2,2,2,2,2,2,1,3,2,1,3,2,1,2,2,2,2,2,2,2,1,2,2,3,3,2,2,3,2,2,1,2,2,6,3,6,7,2,2,6,7
66635ce30892c73e41fee639,7,5,3,3,7,3,3,3,3,5,3,2,6,5,2,3,5,6,3,3,3,2,3,3,5,2,3,3,2,2,2,3,7,6,2,2,2,6,3,2,2,2,5,4,2,3,3,1,3,5,5,3,3,3,3,3,4,3,7,6,5,6,6,7
6682aacb34af2ad8b3b08de1,6,6,3,2,6,6,2,2,3,3,4,2,2,2,3,2,3,3,2,2,6,5,3,2,3,2,3,3,3,2,2,5,5,6,2,2,2,6,2,3,3,2,2,4,2,3,2,4,6,2,2,2,5,6,3,2,2,3,2,5,2,3,3,1
66c7ab8ceeb9918cef4c58c2,6,3,4,3,5,2,2,2,6,2,2,3,6,3,2,4,2,4,4,3,6,3,4,2,4,4,2,3,6,4,2,5,5,4,2,3,6,5,3,3,5,2,3,2,6,4,3,5,2,3,3,3,5,3,2,5,6,3,5,5,4,5,3,6
66d31a1b0515fe747830bab9,5,6,2,4,6,6,2,5,3,3,1,4,3,3,2,4,5,4,3,2,6,4,3,3,3,5,7,1,3,4,7,1,5,6,4,4,7,6,4,5,4,4,3,3,3,3,6,2,7,6,4,2,5,4,3,4,2,3,6,4,3,3,6,7
66e42249ff3f1be588b9bf04,4,3,1,1,4,4,1,1,1,1,4,1,1,1,4,1,4,3,1,1,4,1,1,1,1,1,3,1,1,4,4,1,2,4,1,1,4,4,1,1,1,1,4,1,1,1,4,1,2,4,1,1,4,4,1,1,2,1,4,1,1,1,4,1
672541915a9a5ac8b878a28e,6,2,3,6,6,6,3,3,4,5,3,3,3,3,5,5,4,6,2,2,6,3,3,3,2,5,6,5,5,2,5,5,3,3,1,2,3,3,3,2,6,3,5,3,6,5,6,2,3,3,2,2,2,2,2,2,7,5,5,5,6,6,6,5
673f6ffebce20832346325de,7,6,2,2,6,6,5,2,2,3,5,5,5,5,3,4,3,1,4,2,6,2,3,4,2,3,4,4,3,3,2,1,6,2,2,2,2,2,1,2,2,3,1,5,2,2,7,2,3,3,1,3,3,3,2,3,2,2,7,6,1,2,7,5
67421394562c1e7b3b1a4052,7,7,5,4,7,6,5,5,3,1,3,2,3,5,3,2,6,5,6,5,6,6,3,3,2,3,3,6,2,6,3,6,3,2,4,2,6,2,2,3,2,3,1,4,2,1,2,5,2,5,3,2,2,7,3,1,2,6,7,7,4,5,7,7
6978c4ce16debe179b052814,2,2,5,5,3,4,3,2,4,4,5,4,5,2,5,3,6,2,3,3,4,5,3,5,4,2,3,4,4,4,2,4,3,5,4,3,5,5,4,4,4,4,3,2,2,4,2,3,4,3,3,2,4,4,5,4,4,3,1,3,4,2,4,3
697929da26fc7a6fe77684e4,5,4,3,4,6,3,4,3,3,4,4,4,4,4,3,3,3,4,4,5,3,6,4,2,4,4,2,3,4,4,5,5,5,3,3,4,3,4,3,3,4,4,3,3,4,4,4,4,2,4,3,6,4,3,5,6,4,5,4,4,5,5,6,6
6983331709c0fe233e0f848b,5,6,4,2,7,7,3,3,3,5,5,1,2,4,2,4,6,5,1,3,5,5,4,3,3,2,3,3,2,3,6,3,4,5,5,1,3,7,1,2,2,2,5,6,2,4,2,6,6,6,3,4,5,5,3,6,1,3,3,4,4,4,6,1
69e609b599763c38ca9f3bac,1,1,1,1,1,1,1,1,1,1,1,1,1,1,1,1,1,1,1,1,1,1,1,1,1,1,1,1,1,1,1,1,1,1,1,1,1,1,1,1,1,1,1,1,1,1,1,1,1,1,1,1,1,1,1,1,1,1,1,1,1,1,1,1
69e8b296cf58f745dc89bacd,7,7,1,1,7,7,1,1,1,1,2,5,1,1,2,1,2,2,2,1,6,7,1,1,1,1,2,2,6,2,2,1,1,1,1,1,1,1,1,1,1,1,2,2,1,2,2,6,1,1,1,1,1,1,1,1,1,1,7,7,1,1,7,7
69e940579010b94b65b2203c,6,6,1,1,7,6,1,1,1,1,1,1,1,1,1,1,5,6,1,1,6,5,1,1,1,1,1,1,1,1,1,1,1,1,1,1,1,6,1,1,2,1,6,1,2,2,6,6,1,1,1,1,1,1,1,1,6,2,6,7,1,2,7,7
69e941fec7b56938303e7a3e,6,6,2,1,6,5,2,2,3,1,1,1,1,2,2,1,3,1,1,1,2,1,3,2,2,1,3,4,1,1,1,2,1,1,1,1,1,4,1,1,1,2,1,1,1,1,1,1,1,2,1,1,1,1,2,3,2,1,7,6,3,1,6,4
69ea53a90c6cacb935a68043,7,4,3,2,6,6,1,2,3,1,3,1,3,1,1,3,6,5,1,1,3,4,2,1,2,3,3,2,3,1,1,1,3,5,5,6,3,5,6,6,6,2,6,6,3,3,5,7,5,4,6,6,3,6,7,6,3,2,7,7,7,3,6,7
69ec62448e0da8c83aa21a9f,1,4,2,1,4,4,2,1,3,1,1,1,1,1,1,1,4,2,2,1,3,1,1,1,1,2,2,5,2,1,1,2,4,2,1,1,4,3,1,1,3,1,2,3,4,1,2,1,4,4,1,1,3,3,1,1,1,3,2,2,4,2,4,3
69f0bd80162888b7965b7eec,6,4,2,2,6,6,2,3,2,3,2,2,2,2,2,3,6,6,3,2,5,6,3,1,3,3,3,3,2,2,3,4,5,6,3,2,6,6,1,2,2,3,2,2,2,2,3,2,3,6,3,2,5,6,4,4,3,3,6,3,4,2,3,3
69f1da7e4a5cf222df2d5ac7,5,6,3,3,6,5,2,2,3,2,2,3,2,3,2,2,2,3,3,1,2,2,3,2,2,3,2,4,2,3,5,3,6,2,3,2,6,5,2,3,3,2,3,2,3,3,1,2,2,2,2,2,5,3,3,2,4,3,5,4,1,2,5,3
69f378f38de4398a754a1733,7,7,1,1,7,7,1,1,4,3,2,1,4,5,2,1,6,7,1,1,7,6,1,1,6,3,5,2,3,5,6,2,1,6,1,1,1,1,1,1,1,4,7,2,1,1,6,3,1,1,1,1,2,2,1,6,1,7,7,7,1,1,7,7
69f3c29f7f3969d3695109a8,6,2,1,1,6,6,2,1,1,1,1,4,4,1,1,1,3,1,1,4,2,1,1,1,4,6,7,4,4,2,1,5,4,3,1,1,4,6,4,4,4,6,5,4,1,4,1,1,4,1,1,2,1,4,1,2,4,6,1,2,4,2,1,1
69f76b21cab3bf4a9db3b459,7,7,4,1,1,7,4,5,2,3,4,1,3,2,1,1,7,5,3,6,6,4,3,5,2,2,3,3,3,3,5,1,1,3,3,2,2,1,1,2,4,3,5,1,2,1,5,6,1,3,1,2,1,2,3,4,5,7,7,6,7,1,7,5
69f8bc07d52873c9339d15ef,4,4,2,2,5,4,2,2,3,2,2,2,3,2,2,2,2,4,2,2,3,3,3,2,3,2,2,2,3,3,3,2,3,5,2,2,5,5,2,2,2,3,3,2,3,2,3,2,4,4,3,2,3,4,3,2,3,2,2,2,3,3,2,2
69f98dd1e04cda4c659a9e41,7,5,1,2,6,2,1,1,6,5,1,1,2,6,2,1,6,5,2,1,5,5,2,2,5,5,1,1,2,5,1,2,6,1,1,1,6,3,1,1,6,2,6,1,7,5,7,5,3,5,1,1,3,2,5,1,5,3,6,3,5,6,1,6
69fa33971bfe821769fb03d0,6,5,2,1,3,6,1,2,1,3,1,1,1,1,1,2,5,2,3,1,2,5,2,3,3,1,2,3,2,1,2,1,2,2,3,1,1,1,2,1,3,5,2,3,2,2,5,5,1,2,1,1,1,1,1,1,3,4,7,2,2,3,5,6
69fdef338f87c1f1bf52ec2d,1,1,1,1,1,1,1,1,1,1,1,1,1,1,1,1,1,1,1,1,1,1,1,1,1,1,1,1,1,1,1,1,1,1,1,1,1,1,1,1,1,1,1,1,1,1,1,1,1,1,1,1,1,1,1,1,1,1,1,1,1,1,1,1
69fe13c519d7b1d2a874d1a1,7,4,1,1,6,5,1,1,2,3,1,2,3,2,2,1,3,6,1,1,7,4,1,1,5,2,1,1,2,3,1,1,2,1,1,1,1,1,1,1,2,1,3,3,3,1,3,6,1,1,1,2,1,1,1,2,1,1,7,7,2,1,3,7
69fe260d62ffdde7f6f68727,1,1,3,1,1,3,1,2,1,1,1,1,3,3,2,3,1,1,2,1,1,4,1,2,2,1,3,2,3,2,2,2,1,1,1,1,1,1,1,1,1,1,2,2,2,2,1,2,1,1,1,1,2,1,1,1,2,2,2,1,2,2,3,1
69ff644a20a296f2eb3cb8a8,7,5,2,2,6,5,2,4,5,5,5,5,3,3,5,2,6,5,3,6,4,2,3,4,5,4,5,3,3,6,4,2,6,6,2,2,5,6,4,4,5,4,5,5,4,5,5,5,5,5,3,1,5,5,2,4,6,4,5,6,3,3,5,5
6a00c2d21d039d6d315fb589,7,5,3,2,2,4,3,3,3,3,1,1,3,3,1,3,6,5,3,3,6,6,2,1,3,3,2,3,3,3,3,2,2,5,4,5,7,4,5,5,4,5,7,7,3,6,7,6,2,3,3,3,3,1,4,4,1,6,7,4,2,3,7,7
6a00cd666b9feadbf1eafafe,5,3,3,2,3,4,3,2,2,2,2,1,2,2,2,1,5,3,1,1,5,6,2,1,3,2,3,2,2,2,2,1,1,2,2,1,2,3,2,1,2,3,2,1,2,2,4,2,1,5,2,1,3,3,2,1,2,3,2,2,3,3,2,1
6a019388b664eaeb436db6f5,7,7,1,2,7,2,1,1,4,1,2,1,5,1,3,1,5,7,2,1,4,4,1,1,3,2,1,1,4,1,1,1,1,1,1,1,1,1,1,1,1,1,2,1,1,2,2,2,1,1,4,2,1,1,1,1,2,3,6,7,2,1,5,7
6a01daab2b02408aef749ccb,6,6,3,3,6,6,3,2,3,3,3,2,3,3,3,2,6,5,3,2,6,5,3,3,3,2,3,2,5,2,5,2,6,6,3,2,3,6,3,3,5,3,2,2,6,3,6,2,3,6,3,2,3,3,3,3,5,3,5,2,2,3,6,2
6a0252dc959d360ed8448c2f,6,3,1,2,3,5,2,2,3,3,5,1,2,3,5,3,2,3,2,1,5,3,3,1,3,3,5,2,3,3,5,2,5,5,1,3,4,1,2,1,3,5,4,2,2,3,6,2,5,3,2,3,2,2,1,1,3,2,5,3,3,3,5,3
6a04cb3402503b68cf6c8128,7,5,2,6,6,3,2,3,1,1,1,1,1,3,1,1,6,4,1,3,5,2,2,5,2,3,2,1,2,2,2,6,2,3,4,5,3,4,4,3,4,5,5,6,4,2,6,5,4,4,6,6,4,6,7,3,4,5,7,6,6,4,6,7
6a055bd0cc3e5dfe595a28d5,6,7,2,2,6,7,2,1,2,6,3,1,2,3,2,1,2,3,1,4,3,5,2,4,6,6,1,7,7,6,7,7,7,7,1,1,4,5,2,2,6,2,1,3,1,2,2,3,1,3,2,1,2,2,1,1,6,7,7,6,7,6,7,7
6a0614623461a6164ee8555a,7,4,2,2,6,5,3,1,5,4,1,2,6,6,3,3,5,5,3,3,3,3,2,1,5,3,4,2,5,5,3,3,5,3,2,2,5,5,2,2,5,5,3,2,6,4,3,2,6,5,4,2,4,3,3,2,6,4,2,2,5,3,4,2
6a084928742bea092a160489,3,7,6,1,7,7,5,5,6,6,6,5,6,6,5,6,6,6,5,2,5,6,5,6,6,5,6,6,5,5,4,5,5,4,6,4,5,5,5,6,5,6,6,6,5,5,5,6,5,6,6,5,5,5,5,5,6,6,7,7,6,6,7,7
6a0975103186b7ce5d5a1aa9,5,6,2,2,5,5,2,3,2,2,2,2,1,2,2,2,6,6,2,2,5,5,2,2,2,2,3,2,2,3,3,2,2,2,2,2,1,3,2,2,3,3,1,6,2,3,5,2,1,2,2,2,2,2,2,1,2,2,2,6,2,2,5,6
6a0aed9a06391bae485433ba,6,5,2,2,6,5,3,2,3,3,2,1,2,2,2,2,5,4,1,1,5,3,5,4,4,5,3,5,2,5,6,2,1,1,1,1,6,1,1,2,2,1,1,2,1,1,1,2,3,3,1,5,1,5,3,1,4,2,7,4,4,2,5,6
6a0c4895cd389983452cf249,6,6,5,3,6,6,3,5,6,6,4,3,6,6,1,5,5,1,3,4,6,6,1,3,6,7,3,4,7,7,5,4,2,4,3,1,1,2,5,5,2,2,3,2,2,2,3,3,6,5,6,6,1,5,6,6,6,5,7,4,5,6,7,6
6a0c80f3259081104ca0cfd8,7,4,5,6,7,6,6,6,7,6,6,3,6,6,6,3,5,5,4,1,6,1,1,1,5,6,5,4,4,1,5,1,1,3,5,2,1,5,6,5,3,3,6,1,1,6,7,7,1,2,5,1,6,5,5,3,6,2,7,6,5,5,6,5
6a0e1cfa7c6e09a5e513b604,3,2,2,5,2,2,2,5,2,3,2,4,2,2,3,3,2,2,2,2,2,2,2,2,2,2,2,2,2,3,2,2,2,2,2,4,2,2,2,4,2,3,2,4,2,2,2,2,2,3,2,2,2,2,2,2,2,2,2,2,2,2,2,2
6a0e3b3d4d59d3110d005558,1,1,1,1,1,1,1,1,1,1,1,1,1,1,1,1,1,1,1,1,1,1,1,1,1,1,1,1,1,1,1,1,1,1,1,1,1,1,1,1,1,1,1,1,1,1,1,1,1,1,1,1,1,1,1,1,1,1,1,1,1,1,1,1
6a1002dabe7f5c918f052d3e,5,4,4,5,7,6,3,4,5,6,2,2,5,5,5,2,6,5,6,6,6,6,5,5,4,5,4,4,6,5,1,5,6,6,2,4,5,5,3,5,3,5,4,6,2,5,3,4,6,4,6,6,5,4,5,5,5,5,4,1,6,5,5,6
6a11a434b06823950a4448a5,6,2,1,1,6,5,3,1,1,1,1,1,2,5,1,1,2,1,1,1,2,1,1,1,3,1,1,6,1,1,1,1,4,1,1,2,1,2,1,1,2,3,4,2,1,2,1,2,1,1,1,1,2,1,1,1,5,2,6,2,5,2,6,5
6a1445c31706d609f057aa73,1,1,1,1,1,1,1,1,1,1,1,1,1,1,1,1,1,1,1,1,1,1,1,1,1,1,1,1,1,1,1,1,1,1,1,1,1,1,1,1,1,1,1,1,1,1,1,1,1,1,1,1,1,1,1,1,1,1,1,1,1,1,1,1
6a14537a6dd95ac984cf6888,6,6,3,1,6,6,1,3,3,3,2,2,3,2,2,2,6,5,2,2,3,6,3,2,3,3,1,2,3,3,2,2,3,1,3,1,2,2,3,4,1,3,5,5,3,1,4,5,2,3,3,3,1,2,3,2,3,3,5,5,3,4,5,2
6a156dd3fcee99466c091d56,6,6,5,3,6,6,3,3,4,2,3,2,3,3,5,2,5,6,3,4,6,6,2,2,3,2,2,3,2,3,6,2,4,5,3,2,5,4,3,2,5,3,6,5,2,3,6,2,5,5,2,2,4,5,2,2,4,3,5,3,6,5,6,5
6a15b71865f2dbbd1e04cf0f,6,5,3,2,6,4,2,2,1,3,3,2,3,4,5,3,4,3,2,2,4,3,3,2,2,3,3,2,3,2,3,2,1,1,1,1,1,1,1,1,2,2,2,3,2,1,1,1,1,1,1,1,1,1,1,1,5,2,5,5,1,3,7,4
6a181dbaafc993917f2db744,6,7,2,2,6,6,2,3,3,5,6,2,3,3,5,2,6,6,5,2,6,7,3,3,3,3,6,6,3,3,2,2,2,5,2,3,5,7,1,2,2,2,2,7,3,2,6,6,2,5,6,3,2,3,2,3,2,3,7,7,3,3,6,7
6a18c13998bc7f21f3680b0e,2,2,1,1,7,2,1,1,1,1,1,2,1,1,2,1,2,2,1,1,2,2,2,1,3,2,1,2,2,1,1,2,1,2,1,3,2,1,1,2,1,1,1,1,1,3,2,2,2,1,1,1,1,1,2,1,1,2,1,1,2,3,1,7
6a1955759c8cdb424d42bf74,1,1,1,1,1,1,1,1,1,1,1,1,1,1,1,1,1,1,1,1,1,1,1,1,1,1,1,1,1,1,1,1,1,1,1,1,1,1,1,1,1,1,1,1,1,1,1,1,1,1,1,1,1,1,1,1,1,1,1,1,1,1,1,1
6a1a2f1d18ecb182934305df,1,1,1,1,1,1,1,1,1,1,1,1,1,1,1,1,1,1,1,1,1,1,1,1,1,1,1,1,1,1,1,1,1,1,1,1,1,1,1,1,1,1,1,1,1,1,1,1,1,1,1,1,1,1,1,1,1,1,1,1,1,1,1,1
6a1d5035af8f2677814eebd2,7,6,3,2,7,7,2,1,4,3,2,2,4,3,1,3,5,4,6,5,6,5,6,6,7,2,7,1,7,3,6,5,7,7,3,3,7,6,2,1,4,3,3,4,6,5,4,3,6,3,3,3,6,5,5,3,6,6,6,2,6,5,7,6
6a1d76bb8b67e9f450e148b1,7,5,2,2,5,5,3,3,5,2,3,4,3,3,1,1,5,5,2,1,5,6,2,3,3,4,5,2,5,4,4,6,2,5,2,1,5,6,2,2,5,2,2,3,5,3,2,2,5,5,1,3,5,5,2,3,4,5,3,5,4,5,1,3
6a1e6c17cbede57173fc303c,2,2,2,1,2,3,3,1,3,1,2,1,2,1,2,1,2,1,1,1,2,1,1,1,4,2,2,2,2,2,1,1,1,1,1,1,1,2,1,2,1,2,1,2,2,1,1,1,1,1,1,2,1,2,1,2,2,2,1,1,2,1,1,1
6a203e841e11a65eb3af80aa,5,3,3,1,5,4,1,1,4,2,2,1,3,1,1,1,4,1,1,1,5,2,1,1,2,3,1,1,2,5,2,1,1,2,1,1,1,2,1,1,1,4,3,3,2,2,3,1,1,1,1,2,1,1,1,2,3,4,3,4,2,1,5,3
6a211840444dae0827e0c0f7,6,6,2,2,6,6,2,1,2,2,1,1,2,1,1,1,6,6,2,1,6,6,1,1,1,2,1,1,3,3,1,1,1,1,2,2,2,1,2,1,1,3,6,6,3,5,6,5,2,1,2,2,2,2,3,2,3,6,6,6,6,3,6,5
6a218dae2f1b98857277d1de,1,5,1,1,6,5,1,1,2,1,4,2,1,1,1,1,1,4,1,1,1,3,1,1,1,5,1,1,1,1,1,4,1,1,1,1,1,1,1,1,1,3,2,1,2,1,4,1,1,1,1,1,1,1,1,1,4,1,4,1,1,1,1,2
6a221582ea51aa3a697a3886,1,1,2,1,5,5,3,1,1,1,1,1,3,1,1,1,1,1,1,1,4,1,1,2,5,2,1,2,1,1,2,3,1,1,1,1,1,1,2,1,1,1,5,1,1,2,1,1,1,1,2,1,1,1,1,2,1,1,1,5,1,1,3,1
6a22a9392a9d3d1a063fbb00,5,6,1,1,2,1,1,1,1,1,1,1,1,1,1,1,1,1,1,2,5,1,1,1,1,6,5,5,5,6,5,7,1,6,1,1,5,1,1,1,1,2,1,1,1,1,1,1,1,1,1,4,3,1,1,1,6,6,1,6,6,6,6,5
6a2458a9b1d158d0c9952ea7,7,7,3,3,4,3,3,2,3,2,2,2,3,3,2,3,3,7,3,3,7,6,3,2,3,3,2,2,3,3,2,2,2,5,2,3,3,2,2,1,4,2,6,5,2,3,7,5,3,2,3,3,3,2,3,3,2,3,5,6,3,3,6,5
6a25865d2d6177946644c54c,6,6,1,1,6,6,1,1,6,4,1,1,2,5,1,1,6,3,1,2,5,4,1,1,5,4,1,1,5,6,2,1,1,1,1,1,1,1,1,1,1,2,1,1,1,2,1,1,1,2,3,3,1,1,3,5,1,1,3,2,1,1,3,2
6a259318979530883214bd3a,1,1,1,1,1,1,1,1,1,1,1,1,1,1,1,1,1,1,1,1,1,1,1,1,1,1,1,1,1,1,1,1,1,1,1,1,1,1,1,1,1,1,1,1,1,1,1,1,1,1,1,1,1,1,1,1,1,1,1,1,1,1,1,1
6a25d59cc840d0ff539d6448,1,1,1,1,1,1,1,1,1,1,1,1,1,1,1,1,1,1,1,1,1,1,1,1,1,1,1,1,1,1,1,1,1,1,1,1,1,1,1,1,1,1,1,1,1,1,1,1,1,1,1,1,1,1,1,1,1,1,1,1,1,1,1,1
6a26063caa01a9aa4baf76fe,4,4,5,5,6,6,5,5,4,5,5,5,6,2,3,5,3,5,4,4,6,5,5,6,3,3,5,5,5,2,5,2,1,5,2,6,4,2,5,6,2,5,5,5,5,3,2,4,5,3,1,2,2,5,2,4,6,2,5,2,5,5,5,5
6a267d60d578aeccd1ef2272,3,5,3,3,5,5,3,3,5,5,3,5,4,6,3,3,5,5,2,1,4,5,3,3,5,5,4,2,5,5,4,5,2,3,1,4,5,2,2,2,3,4,2,3,5,5,2,3,2,2,3,3,3,3,5,5,5,1,2,6,5,4,3,2
6a33b228f4dd3410fb68e733,5,5,5,5,5,6,5,5,6,6,5,4,5,5,6,6,6,5,6,5,5,6,5,5,5,5,5,7,5,6,5,5,5,5,6,4,5,5,5,6,7,7,5,5,5,5,5,5,6,5,5,5,6,6,6,5,5,5,5,5,5,5,5,7
